"UT","DT","TC","PY","Department"
"ISI000390510900065","ARTICLE ",0,2016,"Biomedical Engineering"
"ISI000391108100008","ARTICLE ",1,2016,"Biomedical Engineering"
"ISI000389030600025","ARTICLE ",7,2016,"Biomedical Engineering"
"ISI000386316900073","ARTICLE ",0,2016,"Biomedical Engineering"
"ISI000383930900119","ARTICLE ",3,2016,"Biomedical Engineering"
"ISI000387557600023","ARTICLE ",2,2016,"Biomedical Engineering"
"ISI000386930800013","ARTICLE ",0,2016,"Biomedical Engineering"
"ISI000385745500014","ARTICLE ",0,2016,"Biomedical Engineering"
"ISI000384863800003","ARTICLE ",3,2016,"Biomedical Engineering"
"ISI000383292700027","ARTICLE ",3,2016,"Biomedical Engineering"
"ISI000383254800028","ARTICLE ",1,2016,"Biomedical Engineering"
"ISI000381950500031","ARTICLE ",0,2016,"Biomedical Engineering"
"ISI000381231600025","ARTICLE ",1,2016,"Biomedical Engineering"
"ISI000383253100044","ARTICLE ",9,2016,"Biomedical Engineering"
"ISI000380597800010","ARTICLE ",6,2016,"Biomedical Engineering"
"ISI000378969100033","ARTICLE ",3,2016,"Biomedical Engineering"
"ISI000378064500027","ARTICLE ",0,2016,"Biomedical Engineering"
"ISI000376838100027","ARTICLE ",0,2016,"Biomedical Engineering"
"ISI000377756800014","ARTICLE ",0,2016,"Biomedical Engineering"
"ISI000377194300030","ARTICLE ",0,2016,"Biomedical Engineering"
"ISI000377194300032","ARTICLE ",2,2016,"Biomedical Engineering"
"ISI000375727500015","ARTICLE ",0,2016,"Biomedical Engineering"
"ISI000375568900011","ARTICLE ",2,2016,"Biomedical Engineering"
"ISI000375468200009","ARTICLE ",3,2016,"Biomedical Engineering"
"ISI000374668900001","ARTICLE ",0,2016,"Biomedical Engineering"
"ISI000380241200012","ARTICLE ",1,2016,"Biomedical Engineering"
"ISI000373493100015","ARTICLE ",4,2016,"Biomedical Engineering"
"ISI000372424600014","ARTICLE ",2,2016,"Biomedical Engineering"
"ISI000369492700037","ARTICLE ",2,2016,"Biomedical Engineering"
"ISI000372561200035","ARTICLE ",3,2016,"Biomedical Engineering"
"ISI000371649100028","ARTICLE ",1,2016,"Biomedical Engineering"
"ISI000371658300034","ARTICLE ",4,2016,"Biomedical Engineering"
"ISI000395265400001","ARTICLE ",0,2016,"Biomedical Engineering"
"ISI000387497400481","INPROCEEDINGS ",0,2016,"Biomedical Engineering"
"ISI000387497400450","INPROCEEDINGS ",0,2016,"Biomedical Engineering"
"ISI000387497400462","INPROCEEDINGS ",0,2016,"Biomedical Engineering"
"ISI000379025500002","ARTICLE ",0,2016,"Biomedical Engineering"
"ISI000378720700029","ARTICLE ",3,2016,"Biomedical Engineering"
"ISI000374611200005","ARTICLE ",5,2016,"Biomedical Engineering"
"ISI000370092900013","ARTICLE ",8,2016,"Biomedical Engineering"
"ISI000368970300002","ARTICLE ",4,2016,"Biomedical Engineering"
"ISI000367743400008","ARTICLE ",2,2016,"Biomedical Engineering"
"ISI000364247500076","ARTICLE ",1,2016,"Biomedical Engineering"
"ISI000365054700001","ARTICLE ",5,2015,"Biomedical Engineering"
"ISI000367571900016","ARTICLE ",0,2015,"Biomedical Engineering"
"ISI000367571900017","ARTICLE ",2,2015,"Biomedical Engineering"
"ISI000366790400021","ARTICLE ",1,2015,"Biomedical Engineering"
"ISI000365055300012","ARTICLE ",1,2015,"Biomedical Engineering"
"ISI000365348400012","ARTICLE ",1,2015,"Biomedical Engineering"
"ISI000364092900017","ARTICLE ",3,2015,"Biomedical Engineering"
"ISI000362368200007","ARTICLE ",0,2015,"Biomedical Engineering"
"ISI000363994500046","ARTICLE ",0,2015,"Biomedical Engineering"
"ISI000363374100034","ARTICLE ",6,2015,"Biomedical Engineering"
"ISI000361959400002","ARTICLE ",3,2015,"Biomedical Engineering"
"ISI000358249800007","ARTICLE ",3,2015,"Biomedical Engineering"
"ISI000358099700001","ARTICLE ",2,2015,"Biomedical Engineering"
"ISI000358858100008","ARTICLE ",14,2015,"Biomedical Engineering"
"ISI000356545600009","ARTICLE ",5,2015,"Biomedical Engineering"
"ISI000356239600009","ARTICLE ",1,2015,"Biomedical Engineering"
"ISI000355246400014","ARTICLE ",1,2015,"Biomedical Engineering"
"ISI000355888200008","ARTICLE ",0,2015,"Biomedical Engineering"
"ISI000355377500017","ARTICLE ",1,2015,"Biomedical Engineering"
"ISI000353752100027","ARTICLE ",2,2015,"Biomedical Engineering"
"ISI000356241900063","ARTICLE ",2,2015,"Biomedical Engineering"
"ISI000354145700015","ARTICLE ",7,2015,"Biomedical Engineering"
"ISI000352329500057","ARTICLE ",7,2015,"Biomedical Engineering"
"ISI000356006300005","ARTICLE ",8,2015,"Biomedical Engineering"
"ISI000351660200001","ARTICLE ",0,2015,"Biomedical Engineering"
"ISI000351707600001","ARTICLE ",1,2015,"Biomedical Engineering"
"ISI000352302800007","ARTICLE ",0,2015,"Biomedical Engineering"
"ISI000352245400022","ARTICLE ",13,2015,"Biomedical Engineering"
"ISI000351214000008","ARTICLE ",3,2015,"Biomedical Engineering"
"ISI000317465000011","ARTICLE ",1,2013,"Biomedical Engineering"
"ISI000316970600011","ARTICLE ",18,2013,"Biomedical Engineering"
"ISI000316673600008","ARTICLE ",14,2013,"Biomedical Engineering"
"ISI000316673600013","ARTICLE ",6,2013,"Biomedical Engineering"
"ISI000316812400039","ARTICLE ",9,2013,"Biomedical Engineering"
"ISI000314684800001","ARTICLE ",1,2013,"Biomedical Engineering"
"ISI000315478000007","ARTICLE ",2,2013,"Biomedical Engineering"
"ISI000315015100002","ARTICLE ",19,2013,"Biomedical Engineering"
"ISI000315015100004","ARTICLE ",12,2013,"Biomedical Engineering"
"ISI000313286700006","ARTICLE ",0,2013,"Biomedical Engineering"
"ISI000314139200002","ARTICLE ",25,2013,"Biomedical Engineering"
"ISI000313043000002","ARTICLE ",25,2013,"Biomedical Engineering"
"ISI000313034700026","ARTICLE ",7,2013,"Biomedical Engineering"
"ISI000312764300052","ARTICLE ",7,2012,"Biomedical Engineering"
"ISI000311684900018","ARTICLE ",3,2012,"Biomedical Engineering"
"ISI000310388700013","ARTICLE ",3,2012,"Biomedical Engineering"
"ISI000310487100012","ARTICLE ",23,2012,"Biomedical Engineering"
"ISI000309853400004","ARTICLE ",20,2012,"Biomedical Engineering"
"ISI000309095400004","ARTICLE ",9,2012,"Biomedical Engineering"
"ISI000313761700019","ARTICLE ",4,2012,"Biomedical Engineering"
"ISI000309527600012","ARTICLE ",9,2012,"Biomedical Engineering"
"ISI000309301400029","ARTICLE ",3,2012,"Biomedical Engineering"
"ISI000307864000003","ARTICLE ",11,2012,"Biomedical Engineering"
"ISI000312971800010","ARTICLE ",5,2012,"Biomedical Engineering"
"ISI000310366200001","ARTICLE ",11,2012,"Biomedical Engineering"
"ISI000307848600013","ARTICLE ",11,2012,"Biomedical Engineering"
"ISI000307291700026","ARTICLE ",6,2012,"Biomedical Engineering"
"ISI000306030900047","ARTICLE ",4,2012,"Biomedical Engineering"
"ISI000305307100002","ARTICLE ",3,2012,"Biomedical Engineering"
"ISI000305546500022","ARTICLE ",18,2012,"Biomedical Engineering"
"ISI000304790900069","ARTICLE ",3,2012,"Biomedical Engineering"
"ISI000302267100005","ARTICLE ",165,2012,"Biomedical Engineering"
"ISI000304342600002","ARTICLE ",2,2012,"Biomedical Engineering"
"ISI000302506500002","ARTICLE ",22,2012,"Biomedical Engineering"
"ISI000301027600018","ARTICLE ",9,2012,"Biomedical Engineering"
"ISI000302821300004","ARTICLE ",0,2012,"Biomedical Engineering"
"ISI000301567300005","ARTICLE ",21,2012,"Biomedical Engineering"
"ISI000300022600007","ARTICLE ",23,2012,"Biomedical Engineering"
"ISI000326960201192","INPROCEEDINGS ",3,2012,"Biomedical Engineering"
"ISI000297921900008","ARTICLE ",2,2012,"Biomedical Engineering"
"ISI000298899200030","ARTICLE ",2,2012,"Biomedical Engineering"
"ISI000298403700021","ARTICLE ",10,2012,"Biomedical Engineering"
"ISI000351746700008","ARTICLE ",6,2015,"Biomedical Engineering"
"ISI000350453900009","ARTICLE ",8,2015,"Biomedical Engineering"
"ISI000362849600063","ARTICLE ",0,2015,"Biomedical Engineering"
"ISI000369336200068","INPROCEEDINGS ",0,2015,"Biomedical Engineering"
"ISI000366045700398","INPROCEEDINGS ",0,2015,"Biomedical Engineering"
"ISI000356689400013","ARTICLE ",4,2015,"Biomedical Engineering"
"ISI000351732900011","INPROCEEDINGS ",0,2015,"Biomedical Engineering"
"ISI000346387900024","ARTICLE ",8,2015,"Biomedical Engineering"
"ISI000345572100044","ARTICLE ",5,2015,"Biomedical Engineering"
"ISI000346222000012","ARTICLE ",8,2014,"Biomedical Engineering"
"ISI000347600600024","ARTICLE ",4,2014,"Biomedical Engineering"
"ISI000345215400006","ARTICLE ",1,2014,"Biomedical Engineering"
"ISI000345085700014","ARTICLE ",5,2014,"Biomedical Engineering"
"ISI000341463200014","ARTICLE ",2,2014,"Biomedical Engineering"
"ISI000342807300008","ARTICLE ",2,2014,"Biomedical Engineering"
"ISI000341908500006","ARTICLE ",8,2014,"Biomedical Engineering"
"ISI000338818800052","ARTICLE ",2,2014,"Biomedical Engineering"
"ISI000338941600013","ARTICLE ",4,2014,"Biomedical Engineering"
"ISI000338422000004","ARTICLE ",3,2014,"Biomedical Engineering"
"ISI000337161600044","ARTICLE ",0,2014,"Biomedical Engineering"
"ISI000336447100001","ARTICLE ",4,2014,"Biomedical Engineering"
"ISI000336020800027","ARTICLE ",7,2014,"Biomedical Engineering"
"ISI000335108200014","ARTICLE ",5,2014,"Biomedical Engineering"
"ISI000334648300016","ARTICLE ",7,2014,"Biomedical Engineering"
"ISI000337321200002","ARTICLE ",27,2014,"Biomedical Engineering"
"ISI000334394400015","ARTICLE ",4,2014,"Biomedical Engineering"
"ISI000352792500026","INPROCEEDINGS ",0,2014,"Biomedical Engineering"
"ISI000352792500165","INPROCEEDINGS ",1,2014,"Biomedical Engineering"
"ISI000352792500517","INPROCEEDINGS ",0,2014,"Biomedical Engineering"
"ISI000352792500545","INPROCEEDINGS ",0,2014,"Biomedical Engineering"
"ISI000337913300002","ARTICLE ",2,2014,"Biomedical Engineering"
"ISI000337805500015","ARTICLE ",0,2014,"Biomedical Engineering"
"ISI000333224400010","ARTICLE ",13,2014,"Biomedical Engineering"
"ISI000329522400004","ARTICLE ",14,2014,"Biomedical Engineering"
"ISI000209838202824","ARTICLE ",0,2014,"Biomedical Engineering"
"ISI000331486200003","ARTICLE ",5,2013,"Biomedical Engineering"
"ISI000330182100016","ARTICLE ",16,2013,"Biomedical Engineering"
"ISI000327756800026","ARTICLE ",33,2013,"Biomedical Engineering"
"ISI000327870700015","ARTICLE ",0,2013,"Biomedical Engineering"
"ISI000325990300007","ARTICLE ",7,2013,"Biomedical Engineering"
"ISI000330523600027","ARTICLE ",3,2013,"Biomedical Engineering"
"ISI000325637000015","ARTICLE ",0,2013,"Biomedical Engineering"
"ISI000325620400024","ARTICLE ",1,2013,"Biomedical Engineering"
"ISI000323482500010","ARTICLE ",11,2013,"Biomedical Engineering"
"ISI000209370404028","ARTICLE ",0,2013,"Biomedical Engineering"
"ISI000209370404042","ARTICLE ",0,2013,"Biomedical Engineering"
"ISI000209370404407","ARTICLE ",0,2013,"Biomedical Engineering"
"ISI000326155500001","ARTICLE ",10,2013,"Biomedical Engineering"
"ISI000324283600010","ARTICLE ",7,2013,"Biomedical Engineering"
"ISI000320736700008","ARTICLE ",19,2013,"Biomedical Engineering"
"ISI000321629200004","ARTICLE ",3,2013,"Biomedical Engineering"
"ISI000321571000013","ARTICLE ",5,2013,"Biomedical Engineering"
"ISI000320841400002","ARTICLE ",8,2013,"Biomedical Engineering"
"ISI000320818600019","ARTICLE ",2,2013,"Biomedical Engineering"
"ISI000320776800011","ARTICLE ",3,2013,"Biomedical Engineering"
"ISI000319637900007","ARTICLE ",11,2013,"Biomedical Engineering"
"ISI000318905600025","ARTICLE ",16,2013,"Biomedical Engineering"
"ISI000384775400072","ARTICLE ",0,2016,"Process Engineering & Applied Science"
"ISI000313768000001","ARTICLE ",34,2013,"Process Engineering & Applied Science"
"ISI000305692800025","ARTICLE ",1,2012,"Process Engineering & Applied Science"
"ISI000300747400002","ARTICLE ",27,2012,"Process Engineering & Applied Science"
"ISI000390734600061","ARTICLE ",0,2016,"Civil and Resource Engineering"
"ISI000399991300002","ARTICLE ",0,2016,"Civil and Resource Engineering"
"ISI000388606300021","ARTICLE ",2,2016,"Civil and Resource Engineering"
"ISI000388223600016","ARTICLE ",1,2016,"Civil and Resource Engineering"
"ISI000387856000071","ARTICLE ",0,2016,"Civil and Resource Engineering"
"ISI000387194400081","ARTICLE ",0,2016,"Civil and Resource Engineering"
"ISI000389114100006","ARTICLE ",2,2016,"Civil and Resource Engineering"
"ISI000387519300009","ARTICLE ",2,2016,"Civil and Resource Engineering"
"ISI000385596000052","ARTICLE ",0,2016,"Civil and Resource Engineering"
"ISI000381439000005","ARTICLE ",4,2016,"Civil and Resource Engineering"
"ISI000382805800016","ARTICLE ",1,2016,"Civil and Resource Engineering"
"ISI000381248200016","ARTICLE ",0,2016,"Civil and Resource Engineering"
"ISI000381082200009","ARTICLE ",0,2016,"Civil and Resource Engineering"
"ISI000380295700014","ARTICLE ",3,2016,"Civil and Resource Engineering"
"ISI000375630300017","ARTICLE ",5,2016,"Civil and Resource Engineering"
"ISI000378942400012","ARTICLE ",3,2016,"Civil and Resource Engineering"
"ISI000377325600008","ARTICLE ",1,2016,"Civil and Resource Engineering"
"ISI000376805500001","ARTICLE ",2,2016,"Civil and Resource Engineering"
"ISI000376800400009","ARTICLE ",5,2016,"Civil and Resource Engineering"
"ISI000375817600009","ARTICLE ",2,2016,"Civil and Resource Engineering"
"ISI000378407200011","ARTICLE ",0,2016,"Civil and Resource Engineering"
"ISI000377123600002","ARTICLE ",0,2016,"Civil and Resource Engineering"
"ISI000376690100009","ARTICLE ",0,2016,"Civil and Resource Engineering"
"ISI000376441100002","ARTICLE ",2,2016,"Civil and Resource Engineering"
"ISI000374076700019","ARTICLE ",5,2016,"Civil and Resource Engineering"
"ISI000376800000021","ARTICLE ",4,2016,"Civil and Resource Engineering"
"ISI000374875300006","ARTICLE ",0,2016,"Civil and Resource Engineering"
"ISI000370834600015","ARTICLE ",5,2016,"Civil and Resource Engineering"
"ISI000372800600012","ARTICLE ",0,2016,"Civil and Resource Engineering"
"ISI000372382000024","ARTICLE ",1,2016,"Civil and Resource Engineering"
"ISI000371696000005","ARTICLE ",0,2016,"Civil and Resource Engineering"
"ISI000374409600015","ARTICLE ",0,2016,"Civil and Resource Engineering"
"ISI000370555000007","ARTICLE ",0,2016,"Civil and Resource Engineering"
"ISI000370046300010","ARTICLE ",0,2016,"Civil and Resource Engineering"
"ISI000370145600013","ARTICLE ",0,2016,"Civil and Resource Engineering"
"ISI000370145600011","ARTICLE ",0,2016,"Civil and Resource Engineering"
"ISI000369466000002","ARTICLE ",3,2016,"Civil and Resource Engineering"
"ISI000397890900007","ARTICLE ",1,2016,"Civil and Resource Engineering"
"ISI000389294800003","ARTICLE ",1,2016,"Civil and Resource Engineering"
"ISI000382902500004","ARTICLE ",0,2016,"Civil and Resource Engineering"
"ISI000382902500006","ARTICLE ",1,2016,"Civil and Resource Engineering"
"ISI000382598100015","ARTICLE ",0,2016,"Civil and Resource Engineering"
"ISI000375462400002","ARTICLE ",0,2016,"Civil and Resource Engineering"
"ISI000372659500017","ARTICLE ",1,2016,"Civil and Resource Engineering"
"ISI000368859800020","ARTICLE ",1,2016,"Civil and Resource Engineering"
"ISI000368835800001","ARTICLE ",0,2016,"Civil and Resource Engineering"
"ISI000367411000063","ARTICLE ",6,2015,"Civil and Resource Engineering"
"ISI000365340400010","ARTICLE ",2,2015,"Civil and Resource Engineering"
"ISI000365131000018","ARTICLE ",1,2015,"Civil and Resource Engineering"
"ISI000362880000001","ARTICLE ",1,2015,"Civil and Resource Engineering"
"ISI000363355700047","ARTICLE ",3,2015,"Civil and Resource Engineering"
"ISI000374290200025","ARTICLE ",1,2015,"Civil and Resource Engineering"
"ISI000367200000023","ARTICLE ",15,2015,"Civil and Resource Engineering"
"ISI000362147400036","ARTICLE ",3,2015,"Civil and Resource Engineering"
"ISI000359774000003","ARTICLE ",1,2015,"Civil and Resource Engineering"
"ISI000363475700019","ARTICLE ",1,2015,"Civil and Resource Engineering"
"ISI000364911600003","ARTICLE ",2,2015,"Civil and Resource Engineering"
"ISI000363420000035","ARTICLE ",4,2015,"Civil and Resource Engineering"
"ISI000359945500002","ARTICLE ",4,2015,"Civil and Resource Engineering"
"ISI000374346000007","ARTICLE ",3,2015,"Civil and Resource Engineering"
"ISI000358320700057","ARTICLE ",1,2015,"Civil and Resource Engineering"
"ISI000357484300007","ARTICLE ",3,2015,"Civil and Resource Engineering"
"ISI000355660200022","ARTICLE ",0,2015,"Civil and Resource Engineering"
"ISI000355941600006","ARTICLE ",4,2015,"Civil and Resource Engineering"
"ISI000354546400010","ARTICLE ",1,2015,"Civil and Resource Engineering"
"ISI000351792300007","ARTICLE ",0,2015,"Civil and Resource Engineering"
"ISI000351441900003","ARTICLE ",1,2015,"Civil and Resource Engineering"
"ISI000215665000002","ARTICLE ",0,2015,"Civil and Resource Engineering"
"ISI000348961200016","ARTICLE ",8,2015,"Civil and Resource Engineering"
"ISI000350051400010","ARTICLE ",7,2015,"Civil and Resource Engineering"
"ISI000325813100003","ARTICLE ",11,2013,"Civil and Resource Engineering"
"ISI000318814400003","ARTICLE ",5,2013,"Civil and Resource Engineering"
"ISI000326018800025","ARTICLE ",0,2013,"Civil and Resource Engineering"
"ISI000318686600004","ARTICLE ",8,2013,"Civil and Resource Engineering"
"ISI000317961900001","ARTICLE ",1,2013,"Civil and Resource Engineering"
"ISI000317961900008","ARTICLE ",0,2013,"Civil and Resource Engineering"
"ISI000316237700031","ARTICLE ",2,2013,"Civil and Resource Engineering"
"ISI000317325100001","ARTICLE ",3,2013,"Civil and Resource Engineering"
"ISI000337030800010","INCOLLECTION ",0,2013,"Civil and Resource Engineering"
"ISI000333303300018","INCOLLECTION ",1,2013,"Civil and Resource Engineering"
"ISI000333366000023","INPROCEEDINGS ",0,2013,"Civil and Resource Engineering"
"ISI000327863700014","ARTICLE ",1,2013,"Civil and Resource Engineering"
"ISI000326035000004","ARTICLE ",2,2013,"Civil and Resource Engineering"
"ISI000322448300028","ARTICLE ",17,2013,"Civil and Resource Engineering"
"ISI000317696001216","INPROCEEDINGS ",0,2013,"Civil and Resource Engineering"
"ISI000318782600003","ARTICLE ",2,2013,"Civil and Resource Engineering"
"ISI000360928700091","INPROCEEDINGS ",8,2013,"Civil and Resource Engineering"
"ISI000360867600095","INPROCEEDINGS ",0,2013,"Civil and Resource Engineering"
"ISI000209267700015","ARTICLE ",0,2013,"Civil and Resource Engineering"
"ISI000315941800025","ARTICLE ",0,2012,"Civil and Resource Engineering"
"ISI000209099800002","ARTICLE ",1,2012,"Civil and Resource Engineering"
"ISI000310442500030","ARTICLE ",7,2012,"Civil and Resource Engineering"
"ISI000310343900001","ARTICLE ",20,2012,"Civil and Resource Engineering"
"ISI000318491900005","ARTICLE ",3,2012,"Civil and Resource Engineering"
"ISI000310837100014","ARTICLE ",5,2012,"Civil and Resource Engineering"
"ISI000309545500014","ARTICLE ",0,2012,"Civil and Resource Engineering"
"ISI000309381800002","ARTICLE ",16,2012,"Civil and Resource Engineering"
"ISI000305166000001","ARTICLE ",7,2012,"Civil and Resource Engineering"
"ISI000308768600002","ARTICLE ",9,2012,"Civil and Resource Engineering"
"ISI000315941200026","ARTICLE ",3,2012,"Civil and Resource Engineering"
"ISI000310149900005","ARTICLE ",1,2012,"Civil and Resource Engineering"
"ISI000306617700003","ARTICLE ",17,2012,"Civil and Resource Engineering"
"ISI000307866800003","ARTICLE ",2,2012,"Civil and Resource Engineering"
"ISI000305522800037","ARTICLE ",1,2012,"Civil and Resource Engineering"
"ISI000305304600003","ARTICLE ",12,2012,"Civil and Resource Engineering"
"ISI000306350600002","ARTICLE ",12,2012,"Civil and Resource Engineering"
"ISI000306454800006","ARTICLE ",17,2012,"Civil and Resource Engineering"
"ISI000305324300009","ARTICLE ",9,2012,"Civil and Resource Engineering"
"ISI000303791700010","ARTICLE ",7,2012,"Civil and Resource Engineering"
"ISI000302909400007","ARTICLE ",7,2012,"Civil and Resource Engineering"
"ISI000303331900001","ARTICLE ",17,2012,"Civil and Resource Engineering"
"ISI000302980400004","ARTICLE ",4,2012,"Civil and Resource Engineering"
"ISI000301539100003","ARTICLE ",3,2012,"Civil and Resource Engineering"
"ISI000301674300001","ARTICLE ",28,2012,"Civil and Resource Engineering"
"ISI000300840400010","ARTICLE ",5,2012,"Civil and Resource Engineering"
"ISI000299631900001","ARTICLE ",14,2012,"Civil and Resource Engineering"
"ISI000300390800007","ARTICLE ",8,2012,"Civil and Resource Engineering"
"ISI000299609400007","ARTICLE ",27,2012,"Civil and Resource Engineering"
"ISI000300202000029","ARTICLE ",0,2012,"Civil and Resource Engineering"
"ISI000312581800002","ARTICLE ",2,2012,"Civil and Resource Engineering"
"ISI000308697200004","ARTICLE ",1,2012,"Civil and Resource Engineering"
"ISI000302578000001","ARTICLE ",2,2012,"Civil and Resource Engineering"
"ISI000298203100017","ARTICLE ",4,2012,"Civil and Resource Engineering"
"ISI000297964200017","ARTICLE ",3,2012,"Civil and Resource Engineering"
"ISI000346851300005","ARTICLE ",4,2015,"Civil and Resource Engineering"
"ISI000361024300001","ARTICLE ",0,2015,"Civil and Resource Engineering"
"ISI000352145600003","ARTICLE ",5,2015,"Civil and Resource Engineering"
"ISI000350678700003","ARTICLE ",6,2015,"Civil and Resource Engineering"
"ISI000352150800012","ARTICLE ",0,2015,"Civil and Resource Engineering"
"ISI000352072100010","ARTICLE ",6,2015,"Civil and Resource Engineering"
"ISI000345522900018","ARTICLE ",41,2015,"Civil and Resource Engineering"
"ISI000349319200060","ARTICLE ",4,2015,"Civil and Resource Engineering"
"ISI000344208800068","ARTICLE ",5,2015,"Civil and Resource Engineering"
"ISI000375565100035","INPROCEEDINGS ",0,2015,"Civil and Resource Engineering"
"ISI000372212800020","ARTICLE ",0,2015,"Civil and Resource Engineering"
"ISI000371196600015","ARTICLE ",0,2015,"Civil and Resource Engineering"
"ISI000368318900005","ARTICLE ",0,2015,"Civil and Resource Engineering"
"ISI000354784900008","INPROCEEDINGS ",0,2015,"Civil and Resource Engineering"
"ISI000354972800010","ARTICLE ",3,2015,"Civil and Resource Engineering"
"ISI000346638100010","ARTICLE ",4,2015,"Civil and Resource Engineering"
"ISI000346549200017","ARTICLE ",9,2015,"Civil and Resource Engineering"
"ISI000346545900019","ARTICLE ",4,2015,"Civil and Resource Engineering"
"ISI000343238600002","ARTICLE ",5,2014,"Civil and Resource Engineering"
"ISI000344956800006","ARTICLE ",5,2014,"Civil and Resource Engineering"
"ISI000344987300020","ARTICLE ",7,2014,"Civil and Resource Engineering"
"ISI000343904300005","ARTICLE ",2,2014,"Civil and Resource Engineering"
"ISI000345133400003","ARTICLE ",4,2014,"Civil and Resource Engineering"
"ISI000326069200012","ARTICLE ",2,2014,"Civil and Resource Engineering"
"ISI000343106600083","ARTICLE ",4,2014,"Civil and Resource Engineering"
"ISI000340141100015","ARTICLE ",4,2014,"Civil and Resource Engineering"
"ISI000341285500015","ARTICLE ",3,2014,"Civil and Resource Engineering"
"ISI000338348000004","ARTICLE ",21,2014,"Civil and Resource Engineering"
"ISI000338277600023","ARTICLE ",5,2014,"Civil and Resource Engineering"
"ISI000338777300009","ARTICLE ",0,2014,"Civil and Resource Engineering"
"ISI000336772400010","ARTICLE ",0,2014,"Civil and Resource Engineering"
"ISI000336456500052","ARTICLE ",23,2014,"Civil and Resource Engineering"
"ISI000335773100006","ARTICLE ",1,2014,"Civil and Resource Engineering"
"ISI000336821400011","ARTICLE ",6,2014,"Civil and Resource Engineering"
"ISI000337125000016","ARTICLE ",0,2014,"Civil and Resource Engineering"
"ISI000331773300027","ARTICLE ",2,2014,"Civil and Resource Engineering"
"ISI000331094100028","ARTICLE ",0,2014,"Civil and Resource Engineering"
"ISI000329951900012","ARTICLE ",5,2014,"Civil and Resource Engineering"
"ISI000329921300005","ARTICLE ",2,2014,"Civil and Resource Engineering"
"ISI000325513800001","ARTICLE ",0,2014,"Civil and Resource Engineering"
"ISI000356874100007","ARTICLE ",5,2014,"Civil and Resource Engineering"
"ISI000349985800053","INPROCEEDINGS ",1,2014,"Civil and Resource Engineering"
"ISI000349029700009","ARTICLE ",5,2014,"Civil and Resource Engineering"
"ISI000346651900004","ARTICLE ",1,2014,"Civil and Resource Engineering"
"ISI000344654200012","ARTICLE ",20,2014,"Civil and Resource Engineering"
"ISI000343914400014","ARTICLE ",2,2014,"Civil and Resource Engineering"
"ISI000343524700005","ARTICLE ",4,2014,"Civil and Resource Engineering"
"ISI000341865100004","ARTICLE ",1,2014,"Civil and Resource Engineering"
"ISI000341899600010","ARTICLE ",3,2014,"Civil and Resource Engineering"
"ISI000329553100013","ARTICLE ",19,2014,"Civil and Resource Engineering"
"ISI000328588300019","ARTICLE ",19,2013,"Civil and Resource Engineering"
"ISI000326888500033","ARTICLE ",0,2013,"Civil and Resource Engineering"
"ISI000325515000012","ARTICLE ",4,2013,"Civil and Resource Engineering"
"ISI000324283200023","ARTICLE ",4,2013,"Civil and Resource Engineering"
"ISI000325841500002","ARTICLE ",11,2013,"Civil and Resource Engineering"
"ISI000324176400008","ARTICLE ",3,2013,"Civil and Resource Engineering"
"ISI000323309100002","ARTICLE ",3,2013,"Civil and Resource Engineering"
"ISI000321558900009","ARTICLE ",6,2013,"Civil and Resource Engineering"
"ISI000319951400029","ARTICLE ",7,2013,"Civil and Resource Engineering"
"ISI000316207500001","ARTICLE ",8,2013,"Civil and Resource Engineering"
"ISI000319042600002","ARTICLE ",1,2013,"Civil and Resource Engineering"
"ISI000318879300010","ARTICLE ",1,2013,"Civil and Resource Engineering"
"ISI000389751800001","ARTICLE ",1,2016,"Electrical and Computer Engineering"
"ISI000402616900001","ARTICLE ",2,2016,"Electrical and Computer Engineering"
"ISI000393572000010","ARTICLE ",1,2016,"Electrical and Computer Engineering"
"ISI000391079700071","ARTICLE ",3,2016,"Electrical and Computer Engineering"
"ISI000391292500025","ARTICLE ",0,2016,"Electrical and Computer Engineering"
"ISI000389830900012","ARTICLE ",0,2016,"Electrical and Computer Engineering"
"ISI000383888500002","ARTICLE ",0,2016,"Electrical and Computer Engineering"
"ISI000392082600029","ARTICLE ",4,2016,"Electrical and Computer Engineering"
"ISI000388500900002","ARTICLE ",0,2016,"Electrical and Computer Engineering"
"ISI000387557600023","ARTICLE ",2,2016,"Electrical and Computer Engineering"
"ISI000388399100011","ARTICLE ",3,2016,"Electrical and Computer Engineering"
"ISI000388459000022","ARTICLE ",0,2016,"Electrical and Computer Engineering"
"ISI000384126300009","ARTICLE ",5,2016,"Electrical and Computer Engineering"
"ISI000377835100005","ARTICLE ",2,2016,"Electrical and Computer Engineering"
"ISI000391300600004","ARTICLE ",0,2016,"Electrical and Computer Engineering"
"ISI000388365800003","ARTICLE ",1,2016,"Electrical and Computer Engineering"
"ISI000383567300009","ARTICLE ",0,2016,"Electrical and Computer Engineering"
"ISI000385227100058","ARTICLE ",2,2016,"Electrical and Computer Engineering"
"ISI000383183600007","ARTICLE ",9,2016,"Electrical and Computer Engineering"
"ISI000387083900005","ARTICLE ",0,2016,"Electrical and Computer Engineering"
"ISI000384142200001","ARTICLE ",0,2016,"Electrical and Computer Engineering"
"ISI000379936200012","ARTICLE ",30,2016,"Electrical and Computer Engineering"
"ISI000379310000016","ARTICLE ",2,2016,"Electrical and Computer Engineering"
"ISI000379277200001","ARTICLE ",0,2016,"Electrical and Computer Engineering"
"ISI000373546900018","ARTICLE ",1,2016,"Electrical and Computer Engineering"
"ISI000376548100028","ARTICLE ",4,2016,"Electrical and Computer Engineering"
"ISI000380029700002","ARTICLE ",0,2016,"Electrical and Computer Engineering"
"ISI000377086600001","ARTICLE ",1,2016,"Electrical and Computer Engineering"
"ISI000377194300032","ARTICLE ",2,2016,"Electrical and Computer Engineering"
"ISI000371132000033","ARTICLE ",2,2016,"Electrical and Computer Engineering"
"ISI000377433800015","ARTICLE ",1,2016,"Electrical and Computer Engineering"
"ISI000376380700076","ARTICLE ",0,2016,"Electrical and Computer Engineering"
"ISI000376136000016","ARTICLE ",2,2016,"Electrical and Computer Engineering"
"ISI000375434100001","ARTICLE ",3,2016,"Electrical and Computer Engineering"
"ISI000376053100017","ARTICLE ",3,2016,"Electrical and Computer Engineering"
"ISI000371343500010","ARTICLE ",2,2016,"Electrical and Computer Engineering"
"ISI000373354600004","ARTICLE ",1,2016,"Electrical and Computer Engineering"
"ISI000373353800002","ARTICLE ",1,2016,"Electrical and Computer Engineering"
"ISI000367260500003","ARTICLE ",1,2016,"Electrical and Computer Engineering"
"ISI000405519500031","INPROCEEDINGS ",0,2016,"Electrical and Computer Engineering"
"ISI000405519500350","INPROCEEDINGS ",0,2016,"Electrical and Computer Engineering"
"ISI000401828700001","INPROCEEDINGS ",0,2016,"Electrical and Computer Engineering"
"ISI000401697700023","INPROCEEDINGS ",0,2016,"Electrical and Computer Engineering"
"ISI000401414600001","ARTICLE ",1,2016,"Electrical and Computer Engineering"
"ISI000399706600092","INPROCEEDINGS ",0,2016,"Electrical and Computer Engineering"
"ISI000399119600152","INPROCEEDINGS ",0,2016,"Electrical and Computer Engineering"
"ISI000399122100027","INPROCEEDINGS ",0,2016,"Electrical and Computer Engineering"
"ISI000395526300008","ARTICLE ",1,2016,"Electrical and Computer Engineering"
"ISI000393152700006","INPROCEEDINGS ",0,2016,"Electrical and Computer Engineering"
"ISI000388377100302","INPROCEEDINGS ",0,2016,"Electrical and Computer Engineering"
"ISI000393310800040","INPROCEEDINGS ",0,2016,"Electrical and Computer Engineering"
"ISI000391559500016","INPROCEEDINGS ",0,2016,"Electrical and Computer Engineering"
"ISI000391849700202","INPROCEEDINGS ",0,2016,"Electrical and Computer Engineering"
"ISI000391528700027","INPROCEEDINGS ",0,2016,"Electrical and Computer Engineering"
"ISI000391528700063","INPROCEEDINGS ",0,2016,"Electrical and Computer Engineering"
"ISI000391421300097","INPROCEEDINGS ",0,2016,"Electrical and Computer Engineering"
"ISI000391421300089","INPROCEEDINGS ",0,2016,"Electrical and Computer Engineering"
"ISI000391421300038","INPROCEEDINGS ",0,2016,"Electrical and Computer Engineering"
"ISI000391421300100","INPROCEEDINGS ",0,2016,"Electrical and Computer Engineering"
"ISI000391421300092","INPROCEEDINGS ",0,2016,"Electrical and Computer Engineering"
"ISI000391421300064","INPROCEEDINGS ",0,2016,"Electrical and Computer Engineering"
"ISI000391251100092","INPROCEEDINGS ",0,2016,"Electrical and Computer Engineering"
"ISI000390845400002","INPROCEEDINGS ",0,2016,"Electrical and Computer Engineering"
"ISI000390098702038","INPROCEEDINGS ",1,2016,"Electrical and Computer Engineering"
"ISI000390779200244","INPROCEEDINGS ",0,2016,"Electrical and Computer Engineering"
"ISI000390779200012","INPROCEEDINGS ",0,2016,"Electrical and Computer Engineering"
"ISI000390779200168","INPROCEEDINGS ",0,2016,"Electrical and Computer Engineering"
"ISI000390779200029","INPROCEEDINGS ",0,2016,"Electrical and Computer Engineering"
"ISI000390779200191","INPROCEEDINGS ",0,2016,"Electrical and Computer Engineering"
"ISI000390779200023","INPROCEEDINGS ",0,2016,"Electrical and Computer Engineering"
"ISI000390693300043","INPROCEEDINGS ",0,2016,"Electrical and Computer Engineering"
"ISI000390824100045","INPROCEEDINGS ",0,2016,"Electrical and Computer Engineering"
"ISI000390824100061","INPROCEEDINGS ",0,2016,"Electrical and Computer Engineering"
"ISI000390824100104","INPROCEEDINGS ",0,2016,"Electrical and Computer Engineering"
"ISI000390824100069","INPROCEEDINGS ",0,2016,"Electrical and Computer Engineering"
"ISI000389214000020","INPROCEEDINGS ",0,2016,"Electrical and Computer Engineering"
"ISI000389214000036","INPROCEEDINGS ",0,2016,"Electrical and Computer Engineering"
"ISI000390313200159","INPROCEEDINGS ",0,2016,"Electrical and Computer Engineering"
"ISI000390151800029","INPROCEEDINGS ",0,2016,"Electrical and Computer Engineering"
"ISI000386781300094","INPROCEEDINGS ",0,2016,"Electrical and Computer Engineering"
"ISI000386368400052","INPROCEEDINGS ",0,2016,"Electrical and Computer Engineering"
"ISI000381734900169","INPROCEEDINGS ",2,2016,"Electrical and Computer Engineering"
"ISI000382777400018","ARTICLE ",5,2016,"Electrical and Computer Engineering"
"ISI000382700700018","INPROCEEDINGS ",0,2016,"Electrical and Computer Engineering"
"ISI000377323400003","ARTICLE ",1,2016,"Electrical and Computer Engineering"
"ISI000376820100009","ARTICLE ",1,2016,"Electrical and Computer Engineering"
"ISI000367624800020","ARTICLE ",0,2016,"Electrical and Computer Engineering"
"ISI000366640800011","ARTICLE ",2,2015,"Electrical and Computer Engineering"
"ISI000363457100010","ARTICLE ",5,2015,"Electrical and Computer Engineering"
"ISI000366611500093","ARTICLE ",3,2015,"Electrical and Computer Engineering"
"ISI000360305800008","ARTICLE ",2,2015,"Electrical and Computer Engineering"
"ISI000365120700009","ARTICLE ",0,2015,"Electrical and Computer Engineering"
"ISI000360016400025","ARTICLE ",7,2015,"Electrical and Computer Engineering"
"ISI000359242900002","ARTICLE ",1,2015,"Electrical and Computer Engineering"
"ISI000358617300002","ARTICLE ",2,2015,"Electrical and Computer Engineering"
"ISI000358124000015","ARTICLE ",0,2015,"Electrical and Computer Engineering"
"ISI000357727800001","ARTICLE ",0,2015,"Electrical and Computer Engineering"
"ISI000357486800038","ARTICLE ",1,2015,"Electrical and Computer Engineering"
"ISI000355333800007","ARTICLE ",1,2015,"Electrical and Computer Engineering"
"ISI000360316100017","ARTICLE ",0,2015,"Electrical and Computer Engineering"
"ISI000355593900008","ARTICLE ",2,2015,"Electrical and Computer Engineering"
"ISI000353897000009","ARTICLE ",5,2015,"Electrical and Computer Engineering"
"ISI000352119100001","ARTICLE ",6,2015,"Electrical and Computer Engineering"
"ISI000352615400010","ARTICLE ",6,2015,"Electrical and Computer Engineering"
"ISI000352887500018","ARTICLE ",5,2015,"Electrical and Computer Engineering"
"ISI000350823500004","ARTICLE ",0,2015,"Electrical and Computer Engineering"
"ISI000348258500013","ARTICLE ",1,2015,"Electrical and Computer Engineering"
"ISI000349541100010","ARTICLE ",0,2015,"Electrical and Computer Engineering"
"ISI000320994500014","ARTICLE ",10,2013,"Electrical and Computer Engineering"
"ISI000318493100009","ARTICLE ",5,2013,"Electrical and Computer Engineering"
"ISI000316407900034","ARTICLE ",16,2013,"Electrical and Computer Engineering"
"ISI000313722700015","ARTICLE ",3,2013,"Electrical and Computer Engineering"
"ISI000341095400039","INPROCEEDINGS ",0,2013,"Electrical and Computer Engineering"
"ISI000341095400043","INPROCEEDINGS ",0,2013,"Electrical and Computer Engineering"
"ISI000341095400050","INPROCEEDINGS ",0,2013,"Electrical and Computer Engineering"
"ISI000335870200056","INPROCEEDINGS ",0,2013,"Electrical and Computer Engineering"
"ISI000335870200092","INPROCEEDINGS ",0,2013,"Electrical and Computer Engineering"
"ISI000334998800098","INPROCEEDINGS ",0,2013,"Electrical and Computer Engineering"
"ISI000334924900173","INPROCEEDINGS ",0,2013,"Electrical and Computer Engineering"
"ISI000333176800177","INPROCEEDINGS ",0,2013,"Electrical and Computer Engineering"
"ISI000332040500036","INPROCEEDINGS ",10,2013,"Electrical and Computer Engineering"
"ISI000330770800053","INPROCEEDINGS ",0,2013,"Electrical and Computer Engineering"
"ISI000330643200024","INPROCEEDINGS ",0,2013,"Electrical and Computer Engineering"
"ISI000328350300063","INPROCEEDINGS ",0,2013,"Electrical and Computer Engineering"
"ISI000326863700091","INPROCEEDINGS ",0,2013,"Electrical and Computer Engineering"
"ISI000326863300007","INPROCEEDINGS ",0,2013,"Electrical and Computer Engineering"
"ISI000326324900280","INPROCEEDINGS ",0,2013,"Electrical and Computer Engineering"
"ISI000325176700001","ARTICLE ",12,2013,"Electrical and Computer Engineering"
"ISI000324335200059","INPROCEEDINGS ",1,2013,"Electrical and Computer Engineering"
"ISI000320123900056","INPROCEEDINGS ",0,2013,"Electrical and Computer Engineering"
"ISI000320762900046","INPROCEEDINGS ",1,2013,"Electrical and Computer Engineering"
"ISI000320762900047","INPROCEEDINGS ",2,2013,"Electrical and Computer Engineering"
"ISI000320133600001","ARTICLE ",23,2013,"Electrical and Computer Engineering"
"ISI000318500100001","ARTICLE ",1,2013,"Electrical and Computer Engineering"
"ISI000317816200001","ARTICLE ",0,2013,"Electrical and Computer Engineering"
"ISI000316792500019","ARTICLE ",4,2013,"Electrical and Computer Engineering"
"ISI000312469900064","ARTICLE ",1,2013,"Electrical and Computer Engineering"
"ISI000312305900006","ARTICLE ",1,2013,"Electrical and Computer Engineering"
"ISI000393046002014","INPROCEEDINGS ",4,2013,"Electrical and Computer Engineering"
"ISI000369740100012","INPROCEEDINGS ",0,2013,"Electrical and Computer Engineering"
"ISI000349673803021","INPROCEEDINGS ",4,2013,"Electrical and Computer Engineering"
"ISI000352739000162","INPROCEEDINGS ",2,2013,"Electrical and Computer Engineering"
"ISI000352739000170","INPROCEEDINGS ",1,2013,"Electrical and Computer Engineering"
"ISI000352739000277","INPROCEEDINGS ",0,2013,"Electrical and Computer Engineering"
"ISI000352739000365","INPROCEEDINGS ",1,2013,"Electrical and Computer Engineering"
"ISI000352739000367","INPROCEEDINGS ",0,2013,"Electrical and Computer Engineering"
"ISI000352739000371","INPROCEEDINGS ",2,2013,"Electrical and Computer Engineering"
"ISI000352739000373","INPROCEEDINGS ",3,2013,"Electrical and Computer Engineering"
"ISI000352739000383","INPROCEEDINGS ",0,2013,"Electrical and Computer Engineering"
"ISI000352739000399","INPROCEEDINGS ",0,2013,"Electrical and Computer Engineering"
"ISI000352739000406","INPROCEEDINGS ",0,2013,"Electrical and Computer Engineering"
"ISI000352739000418","INPROCEEDINGS ",0,2013,"Electrical and Computer Engineering"
"ISI000352739000419","INPROCEEDINGS ",1,2013,"Electrical and Computer Engineering"
"ISI000352739000423","INPROCEEDINGS ",2,2013,"Electrical and Computer Engineering"
"ISI000352739000442","INPROCEEDINGS ",0,2013,"Electrical and Computer Engineering"
"ISI000352739000448","INPROCEEDINGS ",0,2013,"Electrical and Computer Engineering"
"ISI000352739000450","INPROCEEDINGS ",1,2013,"Electrical and Computer Engineering"
"ISI000352739000451","INPROCEEDINGS ",3,2013,"Electrical and Computer Engineering"
"ISI000348913402003","INPROCEEDINGS ",3,2013,"Electrical and Computer Engineering"
"ISI000347184000068","INPROCEEDINGS ",0,2013,"Electrical and Computer Engineering"
"ISI000369754300133","INPROCEEDINGS ",0,2013,"Electrical and Computer Engineering"
"ISI000369754300165","INPROCEEDINGS ",0,2013,"Electrical and Computer Engineering"
"ISI000349619600014","INPROCEEDINGS ",0,2013,"Electrical and Computer Engineering"
"ISI000313971600006","ARTICLE ",1,2012,"Electrical and Computer Engineering"
"ISI000310644700028","ARTICLE ",7,2012,"Electrical and Computer Engineering"
"ISI000310339100018","ARTICLE ",3,2012,"Electrical and Computer Engineering"
"ISI000310149000013","ARTICLE ",20,2012,"Electrical and Computer Engineering"
"ISI000309557700003","ARTICLE ",9,2012,"Electrical and Computer Engineering"
"ISI000308595300008","ARTICLE ",7,2012,"Electrical and Computer Engineering"
"ISI000307967600006","ARTICLE ",21,2012,"Electrical and Computer Engineering"
"ISI000307356300052","ARTICLE ",6,2012,"Electrical and Computer Engineering"
"ISI000305473000040","ARTICLE ",0,2012,"Electrical and Computer Engineering"
"ISI000310109100002","ARTICLE ",0,2012,"Electrical and Computer Engineering"
"ISI000305582500062","ARTICLE ",7,2012,"Electrical and Computer Engineering"
"ISI000303661500015","ARTICLE ",3,2012,"Electrical and Computer Engineering"
"ISI000302730500034","ARTICLE ",40,2012,"Electrical and Computer Engineering"
"ISI000299517100012","ARTICLE ",2,2012,"Electrical and Computer Engineering"
"ISI000300499500061","ARTICLE ",4,2012,"Electrical and Computer Engineering"
"ISI000321004000026","INPROCEEDINGS ",0,2012,"Electrical and Computer Engineering"
"ISI000323248400025","INPROCEEDINGS ",0,2012,"Electrical and Computer Engineering"
"ISI000318899300112","INPROCEEDINGS ",1,2012,"Electrical and Computer Engineering"
"ISI000317009100423","INPROCEEDINGS ",0,2012,"Electrical and Computer Engineering"
"ISI000317098400039","INPROCEEDINGS ",0,2012,"Electrical and Computer Engineering"
"ISI000317054300049","INPROCEEDINGS ",0,2012,"Electrical and Computer Engineering"
"ISI000317054300095","INPROCEEDINGS ",1,2012,"Electrical and Computer Engineering"
"ISI000315339600011","INPROCEEDINGS ",0,2012,"Electrical and Computer Engineering"
"ISI000313895000001","ARTICLE ",2,2012,"Electrical and Computer Engineering"
"ISI000312442302161","INPROCEEDINGS ",0,2012,"Electrical and Computer Engineering"
"ISI000312442301405","INPROCEEDINGS ",0,2012,"Electrical and Computer Engineering"
"ISI000312379300050","INPROCEEDINGS ",0,2012,"Electrical and Computer Engineering"
"ISI000312379300049","INPROCEEDINGS ",0,2012,"Electrical and Computer Engineering"
"ISI000312379300059","INPROCEEDINGS ",0,2012,"Electrical and Computer Engineering"
"ISI000312850300044","INPROCEEDINGS ",1,2012,"Electrical and Computer Engineering"
"ISI000312850300124","INPROCEEDINGS ",0,2012,"Electrical and Computer Engineering"
"ISI000312837200001","ARTICLE ",10,2012,"Electrical and Computer Engineering"
"ISI000309942400053","INPROCEEDINGS ",1,2012,"Electrical and Computer Engineering"
"ISI000308473900001","ARTICLE ",2,2012,"Electrical and Computer Engineering"
"ISI000303995800005","ARTICLE ",7,2012,"Electrical and Computer Engineering"
"ISI000303746300001","ARTICLE ",2,2012,"Electrical and Computer Engineering"
"ISI000361792400024","INCOLLECTION ",0,2012,"Electrical and Computer Engineering"
"ISI000346139000040","INPROCEEDINGS ",0,2012,"Electrical and Computer Engineering"
"ISI000398980000074","INPROCEEDINGS ",0,2012,"Electrical and Computer Engineering"
"ISI000351965300009","ARTICLE ",0,2015,"Electrical and Computer Engineering"
"ISI000350878500076","ARTICLE ",5,2015,"Electrical and Computer Engineering"
"ISI000349848400033","ARTICLE ",4,2015,"Electrical and Computer Engineering"
"ISI000350664100015","ARTICLE ",10,2015,"Electrical and Computer Engineering"
"ISI000344130500012","ARTICLE ",6,2015,"Electrical and Computer Engineering"
"ISI000349166100119","ARTICLE ",19,2015,"Electrical and Computer Engineering"
"ISI000348464100026","ARTICLE ",14,2015,"Electrical and Computer Engineering"
"ISI000348654300012","ARTICLE ",1,2015,"Electrical and Computer Engineering"
"ISI000380501300017","INPROCEEDINGS ",0,2015,"Electrical and Computer Engineering"
"ISI000380562200029","INPROCEEDINGS ",0,2015,"Electrical and Computer Engineering"
"ISI000380562200032","INPROCEEDINGS ",1,2015,"Electrical and Computer Engineering"
"ISI000380562200034","INPROCEEDINGS ",2,2015,"Electrical and Computer Engineering"
"ISI000380562200292","INPROCEEDINGS ",0,2015,"Electrical and Computer Engineering"
"ISI000380562200302","INPROCEEDINGS ",3,2015,"Electrical and Computer Engineering"
"ISI000380467300055","INPROCEEDINGS ",0,2015,"Electrical and Computer Engineering"
"ISI000380467300324","INPROCEEDINGS ",0,2015,"Electrical and Computer Engineering"
"ISI000380476200188","INPROCEEDINGS ",0,2015,"Electrical and Computer Engineering"
"ISI000380550000376","INPROCEEDINGS ",0,2015,"Electrical and Computer Engineering"
"ISI000380550000430","INPROCEEDINGS ",0,2015,"Electrical and Computer Engineering"
"ISI000380569600022","INPROCEEDINGS ",0,2015,"Electrical and Computer Engineering"
"ISI000380515400001","INPROCEEDINGS ",2,2015,"Electrical and Computer Engineering"
"ISI000380491800002","INPROCEEDINGS ",1,2015,"Electrical and Computer Engineering"
"ISI000380491800057","INPROCEEDINGS ",1,2015,"Electrical and Computer Engineering"
"ISI000380542500081","INPROCEEDINGS ",0,2015,"Electrical and Computer Engineering"
"ISI000380481700021","INPROCEEDINGS ",0,2015,"Electrical and Computer Engineering"
"ISI000380485500055","INPROCEEDINGS ",0,2015,"Electrical and Computer Engineering"
"ISI000380485500041","INPROCEEDINGS ",0,2015,"Electrical and Computer Engineering"
"ISI000380485500104","INPROCEEDINGS ",0,2015,"Electrical and Computer Engineering"
"ISI000380485500105","INPROCEEDINGS ",0,2015,"Electrical and Computer Engineering"
"ISI000380524700020","INPROCEEDINGS ",0,2015,"Electrical and Computer Engineering"
"ISI000380524700024","INPROCEEDINGS ",1,2015,"Electrical and Computer Engineering"
"ISI000380434500113","INPROCEEDINGS ",0,2015,"Electrical and Computer Engineering"
"ISI000380464100053","INPROCEEDINGS ",0,2015,"Electrical and Computer Engineering"
"ISI000380464100054","INPROCEEDINGS ",0,2015,"Electrical and Computer Engineering"
"ISI000380464100012","INPROCEEDINGS ",0,2015,"Electrical and Computer Engineering"
"ISI000380469700002","INPROCEEDINGS ",0,2015,"Electrical and Computer Engineering"
"ISI000380469700028","INPROCEEDINGS ",0,2015,"Electrical and Computer Engineering"
"ISI000380477000010","INPROCEEDINGS ",1,2015,"Electrical and Computer Engineering"
"ISI000379167000043","INPROCEEDINGS ",0,2015,"Electrical and Computer Engineering"
"ISI000375232900099","INPROCEEDINGS ",0,2015,"Electrical and Computer Engineering"
"ISI000371708101009","INPROCEEDINGS ",0,2015,"Electrical and Computer Engineering"
"ISI000371401401371","INPROCEEDINGS ",1,2015,"Electrical and Computer Engineering"
"ISI000370288300173","INPROCEEDINGS ",0,2015,"Electrical and Computer Engineering"
"ISI000370722900244","INPROCEEDINGS ",0,2015,"Electrical and Computer Engineering"
"ISI000370722900177","INPROCEEDINGS ",0,2015,"Electrical and Computer Engineering"
"ISI000369336200009","INPROCEEDINGS ",0,2015,"Electrical and Computer Engineering"
"ISI000369336200024","INPROCEEDINGS ",1,2015,"Electrical and Computer Engineering"
"ISI000369336200037","INPROCEEDINGS ",0,2015,"Electrical and Computer Engineering"
"ISI000369336200076","INPROCEEDINGS ",1,2015,"Electrical and Computer Engineering"
"ISI000369336200078","INPROCEEDINGS ",0,2015,"Electrical and Computer Engineering"
"ISI000369336200079","INPROCEEDINGS ",0,2015,"Electrical and Computer Engineering"
"ISI000369336200112","INPROCEEDINGS ",1,2015,"Electrical and Computer Engineering"
"ISI000369336200127","INPROCEEDINGS ",0,2015,"Electrical and Computer Engineering"
"ISI000369336200130","INPROCEEDINGS ",2,2015,"Electrical and Computer Engineering"
"ISI000369336200132","INPROCEEDINGS ",0,2015,"Electrical and Computer Engineering"
"ISI000369336200149","INPROCEEDINGS ",2,2015,"Electrical and Computer Engineering"
"ISI000369336200177","INPROCEEDINGS ",0,2015,"Electrical and Computer Engineering"
"ISI000369336200191","INPROCEEDINGS ",0,2015,"Electrical and Computer Engineering"
"ISI000369336200226","INPROCEEDINGS ",0,2015,"Electrical and Computer Engineering"
"ISI000369336200244","INPROCEEDINGS ",0,2015,"Electrical and Computer Engineering"
"ISI000369336200246","INPROCEEDINGS ",0,2015,"Electrical and Computer Engineering"
"ISI000369336200252","INPROCEEDINGS ",0,2015,"Electrical and Computer Engineering"
"ISI000369336200253","INPROCEEDINGS ",0,2015,"Electrical and Computer Engineering"
"ISI000369336200265","INPROCEEDINGS ",0,2015,"Electrical and Computer Engineering"
"ISI000369336200267","INPROCEEDINGS ",0,2015,"Electrical and Computer Engineering"
"ISI000369336200282","INPROCEEDINGS ",1,2015,"Electrical and Computer Engineering"
"ISI000365916700001","ARTICLE ",1,2015,"Electrical and Computer Engineering"
"ISI000349374000001","ARTICLE ",0,2015,"Electrical and Computer Engineering"
"ISI000347956400014","ARTICLE ",4,2015,"Electrical and Computer Engineering"
"ISI000345523600029","ARTICLE ",3,2015,"Electrical and Computer Engineering"
"ISI000348194100005","ARTICLE ",0,2014,"Electrical and Computer Engineering"
"ISI000345963800027","ARTICLE ",33,2014,"Electrical and Computer Engineering"
"ISI000340336100033","ARTICLE ",1,2014,"Electrical and Computer Engineering"
"ISI000350552200016","ARTICLE ",1,2014,"Electrical and Computer Engineering"
"ISI000343225000003","ARTICLE ",3,2014,"Electrical and Computer Engineering"
"ISI000343237700004","ARTICLE ",3,2014,"Electrical and Computer Engineering"
"ISI000343611100001","ARTICLE ",2,2014,"Electrical and Computer Engineering"
"ISI000343608600041","ARTICLE ",3,2014,"Electrical and Computer Engineering"
"ISI000339435900038","ARTICLE ",0,2014,"Electrical and Computer Engineering"
"ISI000346791700006","ARTICLE ",1,2014,"Electrical and Computer Engineering"
"ISI000339439000012","ARTICLE ",0,2014,"Electrical and Computer Engineering"
"ISI000340189000001","ARTICLE ",11,2014,"Electrical and Computer Engineering"
"ISI000338878500004","ARTICLE ",6,2014,"Electrical and Computer Engineering"
"ISI000337749100005","ARTICLE ",9,2014,"Electrical and Computer Engineering"
"ISI000338430700123","ARTICLE ",0,2014,"Electrical and Computer Engineering"
"ISI000335658200009","ARTICLE ",5,2014,"Electrical and Computer Engineering"
"ISI000338334600034","ARTICLE ",1,2014,"Electrical and Computer Engineering"
"ISI000330816400001","ARTICLE ",51,2014,"Electrical and Computer Engineering"
"ISI000333579200010","ARTICLE ",16,2014,"Electrical and Computer Engineering"
"ISI000340228700003","ARTICLE ",1,2014,"Electrical and Computer Engineering"
"ISI000330579300016","ARTICLE ",0,2014,"Electrical and Computer Engineering"
"ISI000363815200004","INPROCEEDINGS ",2,2014,"Electrical and Computer Engineering"
"ISI000363815200046","INPROCEEDINGS ",0,2014,"Electrical and Computer Engineering"
"ISI000363815200054","INPROCEEDINGS ",0,2014,"Electrical and Computer Engineering"
"ISI000363815200108","INPROCEEDINGS ",0,2014,"Electrical and Computer Engineering"
"ISI000363815200136","INPROCEEDINGS ",3,2014,"Electrical and Computer Engineering"
"ISI000363815200137","INPROCEEDINGS ",0,2014,"Electrical and Computer Engineering"
"ISI000363815200140","INPROCEEDINGS ",0,2014,"Electrical and Computer Engineering"
"ISI000363815200141","INPROCEEDINGS ",0,2014,"Electrical and Computer Engineering"
"ISI000363815200182","INPROCEEDINGS ",0,2014,"Electrical and Computer Engineering"
"ISI000363815200207","INPROCEEDINGS ",1,2014,"Electrical and Computer Engineering"
"ISI000363815200212","INPROCEEDINGS ",3,2014,"Electrical and Computer Engineering"
"ISI000363815200234","INPROCEEDINGS ",1,2014,"Electrical and Computer Engineering"
"ISI000363815200235","INPROCEEDINGS ",1,2014,"Electrical and Computer Engineering"
"ISI000361554401342","INPROCEEDINGS ",1,2014,"Electrical and Computer Engineering"
"ISI000363283700266","INPROCEEDINGS ",0,2014,"Electrical and Computer Engineering"
"ISI000361017900082","INPROCEEDINGS ",0,2014,"Electrical and Computer Engineering"
"ISI000361017900100","INPROCEEDINGS ",0,2014,"Electrical and Computer Engineering"
"ISI000361128200097","INPROCEEDINGS ",0,2014,"Electrical and Computer Engineering"
"ISI000358533800371","INPROCEEDINGS ",0,2014,"Electrical and Computer Engineering"
"ISI000356862300085","INPROCEEDINGS ",0,2014,"Electrical and Computer Engineering"
"ISI000354963600101","INPROCEEDINGS ",0,2014,"Electrical and Computer Engineering"
"ISI000354963600188","INPROCEEDINGS ",1,2014,"Electrical and Computer Engineering"
"ISI000353942500098","INPROCEEDINGS ",2,2014,"Electrical and Computer Engineering"
"ISI000349397700004","ARTICLE ",19,2014,"Electrical and Computer Engineering"
"ISI000346657100075","INPROCEEDINGS ",0,2014,"Electrical and Computer Engineering"
"ISI000346501200240","INPROCEEDINGS ",1,2014,"Electrical and Computer Engineering"
"ISI000346501200242","INPROCEEDINGS ",6,2014,"Electrical and Computer Engineering"
"ISI000346123100084","INPROCEEDINGS ",0,2014,"Electrical and Computer Engineering"
"ISI000345843200050","INPROCEEDINGS ",0,2014,"Electrical and Computer Engineering"
"ISI000345843200049","INPROCEEDINGS ",0,2014,"Electrical and Computer Engineering"
"ISI000345220400007","ARTICLE ",3,2014,"Electrical and Computer Engineering"
"ISI000343074600015","ARTICLE ",1,2014,"Electrical and Computer Engineering"
"ISI000330114300042","ARTICLE ",2,2014,"Electrical and Computer Engineering"
"ISI000329986700004","ARTICLE ",2,2014,"Electrical and Computer Engineering"
"ISI000380411400067","INPROCEEDINGS ",0,2014,"Electrical and Computer Engineering"
"ISI000380411400068","INPROCEEDINGS ",0,2014,"Electrical and Computer Engineering"
"ISI000393066201079","INPROCEEDINGS ",0,2014,"Electrical and Computer Engineering"
"ISI000393066201080","INPROCEEDINGS ",1,2014,"Electrical and Computer Engineering"
"ISI000393066201081","INPROCEEDINGS ",5,2014,"Electrical and Computer Engineering"
"ISI000393066201082","INPROCEEDINGS ",1,2014,"Electrical and Computer Engineering"
"ISI000392729300176","INPROCEEDINGS ",0,2014,"Electrical and Computer Engineering"
"ISI000368161900315","INPROCEEDINGS ",0,2014,"Electrical and Computer Engineering"
"ISI000380471300010","INPROCEEDINGS ",0,2014,"Electrical and Computer Engineering"
"ISI000380471300019","INPROCEEDINGS ",0,2014,"Electrical and Computer Engineering"
"ISI000380471300028","INPROCEEDINGS ",0,2014,"Electrical and Computer Engineering"
"ISI000369900404057","INPROCEEDINGS ",1,2014,"Electrical and Computer Engineering"
"ISI000369900404068","INPROCEEDINGS ",0,2014,"Electrical and Computer Engineering"
"ISI000380399500304","INPROCEEDINGS ",1,2014,"Electrical and Computer Engineering"
"ISI000380399500337","INPROCEEDINGS ",1,2014,"Electrical and Computer Engineering"
"ISI000380488700012","INPROCEEDINGS ",1,2014,"Electrical and Computer Engineering"
"ISI000369848800313","INPROCEEDINGS ",0,2014,"Electrical and Computer Engineering"
"ISI000399465800015","INPROCEEDINGS ",0,2014,"Electrical and Computer Engineering"
"ISI000388657800001","INPROCEEDINGS ",0,2014,"Electrical and Computer Engineering"
"ISI000388657800030","INPROCEEDINGS ",0,2014,"Electrical and Computer Engineering"
"ISI000328078300022","ARTICLE ",2,2013,"Electrical and Computer Engineering"
"ISI000327321000018","ARTICLE ",2,2013,"Electrical and Computer Engineering"
"ISI000322119900002","ARTICLE ",15,2013,"Electrical and Computer Engineering"
"ISI000324867100022","ARTICLE ",7,2013,"Electrical and Computer Engineering"
"ISI000324531600002","ARTICLE ",1,2013,"Electrical and Computer Engineering"
"ISI000323235700009","ARTICLE ",30,2013,"Electrical and Computer Engineering"
"ISI000323235700010","ARTICLE ",30,2013,"Electrical and Computer Engineering"
"ISI000321770900059","ARTICLE ",2,2013,"Electrical and Computer Engineering"
"ISI000323030400038","ARTICLE ",5,2013,"Electrical and Computer Engineering"
"ISI000321881300005","ARTICLE ",13,2013,"Electrical and Computer Engineering"
"ISI000318262200045","ARTICLE ",1,2013,"Electrical and Computer Engineering"
"ISI000320510300030","ARTICLE ",3,2013,"Electrical and Computer Engineering"
"ISI000319814900024","ARTICLE ",11,2013,"Electrical and Computer Engineering"
"ISI000385392900055","ARTICLE ",0,2016,"Engineering Mathematics and Internetworking"
"ISI000385527700082","ARTICLE ",0,2016,"Engineering Mathematics and Internetworking"
"ISI000379632300010","ARTICLE ",2,2016,"Engineering Mathematics and Internetworking"
"ISI000379949200003","ARTICLE ",1,2016,"Engineering Mathematics and Internetworking"
"ISI000381082200009","ARTICLE ",0,2016,"Engineering Mathematics and Internetworking"
"ISI000382411500002","ARTICLE ",1,2016,"Engineering Mathematics and Internetworking"
"ISI000379174100009","ARTICLE ",0,2016,"Engineering Mathematics and Internetworking"
"ISI000370043200005","ARTICLE ",9,2016,"Engineering Mathematics and Internetworking"
"ISI000400185400008","INPROCEEDINGS ",0,2016,"Engineering Mathematics and Internetworking"
"ISI000386781300114","INPROCEEDINGS ",0,2016,"Engineering Mathematics and Internetworking"
"ISI000374710800001","ARTICLE ",6,2016,"Engineering Mathematics and Internetworking"
"ISI000366936900007","ARTICLE ",2,2015,"Engineering Mathematics and Internetworking"
"ISI000363475700019","ARTICLE ",1,2015,"Engineering Mathematics and Internetworking"
"ISI000359161900002","ARTICLE ",3,2015,"Engineering Mathematics and Internetworking"
"ISI000398116800002","ARTICLE ",0,2015,"Engineering Mathematics and Internetworking"
"ISI000356645800001","ARTICLE ",0,2015,"Engineering Mathematics and Internetworking"
"ISI000351667300014","ARTICLE ",0,2015,"Engineering Mathematics and Internetworking"
"ISI000313211000008","ARTICLE ",2,2013,"Engineering Mathematics and Internetworking"
"ISI000313758500005","ARTICLE ",7,2013,"Engineering Mathematics and Internetworking"
"ISI000324532800022","INCOLLECTION ",1,2013,"Engineering Mathematics and Internetworking"
"ISI000313995800004","ARTICLE ",10,2013,"Engineering Mathematics and Internetworking"
"ISI000397484600091","INPROCEEDINGS ",0,2013,"Engineering Mathematics and Internetworking"
"ISI000310819100001","ARTICLE ",12,2012,"Engineering Mathematics and Internetworking"
"ISI000305441600007","ARTICLE ",14,2012,"Engineering Mathematics and Internetworking"
"ISI000305551700012","ARTICLE ",6,2012,"Engineering Mathematics and Internetworking"
"ISI000314400700031","INPROCEEDINGS ",17,2012,"Engineering Mathematics and Internetworking"
"ISI000312855707074","INPROCEEDINGS ",0,2012,"Engineering Mathematics and Internetworking"
"ISI000312834500052","INPROCEEDINGS ",1,2012,"Engineering Mathematics and Internetworking"
"ISI000303842400001","ARTICLE ",3,2012,"Engineering Mathematics and Internetworking"
"ISI000380588500102","INPROCEEDINGS ",0,2015,"Engineering Mathematics and Internetworking"
"ISI000376267000097","INPROCEEDINGS ",0,2015,"Engineering Mathematics and Internetworking"
"ISI000376267000103","INPROCEEDINGS ",2,2015,"Engineering Mathematics and Internetworking"
"ISI000358917100019","ARTICLE ",1,2015,"Engineering Mathematics and Internetworking"
"ISI000346638100010","ARTICLE ",4,2015,"Engineering Mathematics and Internetworking"
"ISI000346907200095","ARTICLE ",10,2014,"Engineering Mathematics and Internetworking"
"ISI000346418900017","ARTICLE ",3,2014,"Engineering Mathematics and Internetworking"
"ISI000347737700002","ARTICLE ",28,2014,"Engineering Mathematics and Internetworking"
"ISI000343614000006","ARTICLE ",2,2014,"Engineering Mathematics and Internetworking"
"ISI000343614000010","ARTICLE ",1,2014,"Engineering Mathematics and Internetworking"
"ISI000343614000025","ARTICLE ",0,2014,"Engineering Mathematics and Internetworking"
"ISI000337880100004","ARTICLE ",4,2014,"Engineering Mathematics and Internetworking"
"ISI000336775700018","ARTICLE ",2,2014,"Engineering Mathematics and Internetworking"
"ISI000351239900013","ARTICLE ",11,2014,"Engineering Mathematics and Internetworking"
"ISI000353626503002","INPROCEEDINGS ",0,2014,"Engineering Mathematics and Internetworking"
"ISI000346651900004","ARTICLE ",1,2014,"Engineering Mathematics and Internetworking"
"ISI000345842400003","ARTICLE ",6,2014,"Engineering Mathematics and Internetworking"
"ISI000344640000004","ARTICLE ",2,2014,"Engineering Mathematics and Internetworking"
"ISI000389274900002","INPROCEEDINGS ",0,2014,"Engineering Mathematics and Internetworking"
"ISI000326661900031","ARTICLE ",0,2013,"Engineering Mathematics and Internetworking"
"ISI000326902100006","ARTICLE ",3,2013,"Engineering Mathematics and Internetworking"
"ISI000324484300008","ARTICLE ",0,2013,"Engineering Mathematics and Internetworking"
"ISI000323015400016","ARTICLE ",12,2013,"Engineering Mathematics and Internetworking"
"ISI000322564900003","ARTICLE ",20,2013,"Engineering Mathematics and Internetworking"
"ISI000323520500026","ARTICLE ",1,2013,"Engineering Mathematics and Internetworking"
"ISI000320104200005","ARTICLE ",1,2013,"Engineering Mathematics and Internetworking"
"ISI000318879300010","ARTICLE ",1,2013,"Engineering Mathematics and Internetworking"
"ISI000359945500004","ARTICLE ",0,2015,"Process Engineering & Applied Science"
"ISI000353732300059","ARTICLE ",9,2015,"Process Engineering & Applied Science"
"ISI000315942600028","ARTICLE ",4,2013,"Process Engineering & Applied Science"
"ISI000305859800019","ARTICLE ",80,2012,"Process Engineering & Applied Science"
"ISI000328533100001","ARTICLE ",13,2014,"Process Engineering & Applied Science"
"ISI000330992400024","ARTICLE ",21,2014,"Process Engineering & Applied Science"
"ISI000390677500002","ARTICLE ",0,2016,"Industrial Engineering"
"ISI000386383100079","ARTICLE ",1,2016,"Industrial Engineering"
"ISI000385723800011","ARTICLE ",1,2016,"Industrial Engineering"
"ISI000381837700012","ARTICLE ",0,2016,"Industrial Engineering"
"ISI000390676500001","ARTICLE ",0,2016,"Industrial Engineering"
"ISI000384861800025","ARTICLE ",1,2016,"Industrial Engineering"
"ISI000380899200012","ARTICLE ",1,2016,"Industrial Engineering"
"ISI000378783800003","ARTICLE ",1,2016,"Industrial Engineering"
"ISI000373548700004","ARTICLE ",1,2016,"Industrial Engineering"
"ISI000393426600001","ARTICLE ",0,2016,"Industrial Engineering"
"ISI000393426600004","ARTICLE ",0,2016,"Industrial Engineering"
"ISI000393429900001","ARTICLE ",0,2016,"Industrial Engineering"
"ISI000383468400300","ARTICLE ",0,2016,"Industrial Engineering"
"ISI000366233400014","ARTICLE ",6,2015,"Industrial Engineering"
"ISI000366233400023","ARTICLE ",1,2015,"Industrial Engineering"
"ISI000373260300004","ARTICLE ",1,2015,"Industrial Engineering"
"ISI000363085800010","ARTICLE ",1,2015,"Industrial Engineering"
"ISI000362306600013","ARTICLE ",18,2015,"Industrial Engineering"
"ISI000359945500004","ARTICLE ",0,2015,"Industrial Engineering"
"ISI000359747200002","ARTICLE ",9,2015,"Industrial Engineering"
"ISI000362614100009","ARTICLE ",8,2015,"Industrial Engineering"
"ISI000354629200027","ARTICLE ",1,2015,"Industrial Engineering"
"ISI000318947800014","ARTICLE ",8,2013,"Industrial Engineering"
"ISI000318442300016","ARTICLE ",3,2013,"Industrial Engineering"
"ISI000315634900072","ARTICLE ",10,2013,"Industrial Engineering"
"ISI000324927100012","INCOLLECTION ",4,2013,"Industrial Engineering"
"ISI000314441100005","ARTICLE ",1,2013,"Industrial Engineering"
"ISI000312742200003","ARTICLE ",4,2013,"Industrial Engineering"
"ISI000314746300001","ARTICLE ",6,2012,"Industrial Engineering"
"ISI000310102500006","ARTICLE ",0,2012,"Industrial Engineering"
"ISI000308424000011","ARTICLE ",19,2012,"Industrial Engineering"
"ISI000312971800010","ARTICLE ",5,2012,"Industrial Engineering"
"ISI000298211900002","ARTICLE ",25,2012,"Industrial Engineering"
"ISI000303107700001","ARTICLE ",12,2012,"Industrial Engineering"
"ISI000302103100007","ARTICLE ",5,2012,"Industrial Engineering"
"ISI000345331800012","INPROCEEDINGS ",1,2012,"Industrial Engineering"
"ISI000349776600017","ARTICLE ",0,2015,"Industrial Engineering"
"ISI000375804100078","ARTICLE ",2,2015,"Industrial Engineering"
"ISI000380433000157","INPROCEEDINGS ",0,2015,"Industrial Engineering"
"ISI000368096100005","INCOLLECTION ",0,2015,"Industrial Engineering"
"ISI000368096100017","INCOLLECTION ",2,2015,"Industrial Engineering"
"ISI000339148900020","ARTICLE ",18,2014,"Industrial Engineering"
"ISI000345321000012","ARTICLE ",3,2014,"Industrial Engineering"
"ISI000337595300012","ARTICLE ",3,2014,"Industrial Engineering"
"ISI000337707300001","ARTICLE ",0,2014,"Industrial Engineering"
"ISI000332434600012","ARTICLE ",0,2014,"Industrial Engineering"
"ISI000340188500012","ARTICLE ",2,2014,"Industrial Engineering"
"ISI000331566200026","ARTICLE ",8,2014,"Industrial Engineering"
"ISI000329383300025","ARTICLE ",8,2014,"Industrial Engineering"
"ISI000335395300003","ARTICLE ",1,2014,"Industrial Engineering"
"ISI000343524700006","ARTICLE ",0,2014,"Industrial Engineering"
"ISI000329882700009","ARTICLE ",4,2013,"Industrial Engineering"
"ISI000321612400024","ARTICLE ",11,2013,"Industrial Engineering"
"ISI000383547400023","ARTICLE ",2,2016,"Engineering Mathematics and Internetworking"
"ISI000381497300065","ARTICLE ",3,2016,"Engineering Mathematics and Internetworking"
"ISI000380967000133","ARTICLE ",1,2016,"Engineering Mathematics and Internetworking"
"ISI000376597500007","ARTICLE ",1,2016,"Engineering Mathematics and Internetworking"
"ISI000375563700055","ARTICLE ",10,2016,"Engineering Mathematics and Internetworking"
"ISI000377257200004","ARTICLE ",1,2016,"Engineering Mathematics and Internetworking"
"ISI000373625500041","ARTICLE ",10,2016,"Engineering Mathematics and Internetworking"
"ISI000391528700079","INPROCEEDINGS ",0,2016,"Engineering Mathematics and Internetworking"
"ISI000387075700062","INPROCEEDINGS ",0,2016,"Engineering Mathematics and Internetworking"
"ISI000387075700092","INPROCEEDINGS ",0,2016,"Engineering Mathematics and Internetworking"
"ISI000387075700099","INPROCEEDINGS ",0,2016,"Engineering Mathematics and Internetworking"
"ISI000367529300032","ARTICLE ",15,2015,"Engineering Mathematics and Internetworking"
"ISI000367529300069","ARTICLE ",7,2015,"Engineering Mathematics and Internetworking"
"ISI000361470200003","ARTICLE ",1,2015,"Engineering Mathematics and Internetworking"
"ISI000353057400006","ARTICLE ",8,2015,"Engineering Mathematics and Internetworking"
"ISI000361480500019","INPROCEEDINGS ",13,2013,"Engineering Mathematics and Internetworking"
"ISI000361480500118","INPROCEEDINGS ",1,2013,"Engineering Mathematics and Internetworking"
"ISI000361480500119","INPROCEEDINGS ",2,2013,"Engineering Mathematics and Internetworking"
"ISI000361480500128","INPROCEEDINGS ",6,2013,"Engineering Mathematics and Internetworking"
"ISI000361567100151","INPROCEEDINGS ",2,2015,"Engineering Mathematics and Internetworking"
"ISI000361567100152","INPROCEEDINGS ",0,2015,"Engineering Mathematics and Internetworking"
"ISI000334054800008","ARTICLE ",6,2014,"Engineering Mathematics and Internetworking"
"ISI000361562600135","INPROCEEDINGS ",3,2014,"Engineering Mathematics and Internetworking"
"ISI000361562600136","INPROCEEDINGS ",0,2014,"Engineering Mathematics and Internetworking"
"ISI000361562600139","INPROCEEDINGS ",5,2014,"Engineering Mathematics and Internetworking"
"ISI000349985800010","INPROCEEDINGS ",0,2014,"Engineering Mathematics and Internetworking"
"ISI000337435500001","ARTICLE ",3,2014,"Engineering Mathematics and Internetworking"
"ISI000387522900014","ARTICLE ",2,2016,"Mechanical Engineering"
"ISI000387856000071","ARTICLE ",0,2016,"Mechanical Engineering"
"ISI000387107000007","ARTICLE ",1,2016,"Mechanical Engineering"
"ISI000389440400027","ARTICLE ",0,2016,"Mechanical Engineering"
"ISI000386869600063","ARTICLE ",2,2016,"Mechanical Engineering"
"ISI000382410300008","ARTICLE ",1,2016,"Mechanical Engineering"
"ISI000383003600018","ARTICLE ",1,2016,"Mechanical Engineering"
"ISI000375950300039","ARTICLE ",4,2016,"Mechanical Engineering"
"ISI000390812200011","ARTICLE ",0,2016,"Mechanical Engineering"
"ISI000386524800003","ARTICLE ",2,2016,"Mechanical Engineering"
"ISI000383999800001","ARTICLE ",0,2016,"Mechanical Engineering"
"ISI000383705100005","ARTICLE ",0,2016,"Mechanical Engineering"
"ISI000382114600006","ARTICLE ",2,2016,"Mechanical Engineering"
"ISI000379936200012","ARTICLE ",30,2016,"Mechanical Engineering"
"ISI000381656600061","ARTICLE ",7,2016,"Mechanical Engineering"
"ISI000381534200001","ARTICLE ",3,2016,"Mechanical Engineering"
"ISI000378818800004","ARTICLE ",0,2016,"Mechanical Engineering"
"ISI000381687900007","ARTICLE ",0,2016,"Mechanical Engineering"
"ISI000374616900024","ARTICLE ",0,2016,"Mechanical Engineering"
"ISI000379636500058","ARTICLE ",2,2016,"Mechanical Engineering"
"ISI000373863500040","ARTICLE ",5,2016,"Mechanical Engineering"
"ISI000371641100003","ARTICLE ",0,2016,"Mechanical Engineering"
"ISI000373863400071","ARTICLE ",2,2016,"Mechanical Engineering"
"ISI000370679000032","ARTICLE ",7,2016,"Mechanical Engineering"
"ISI000370097600037","ARTICLE ",3,2016,"Mechanical Engineering"
"ISI000369453600013","ARTICLE ",3,2016,"Mechanical Engineering"
"ISI000399929001137","INPROCEEDINGS ",0,2016,"Mechanical Engineering"
"ISI000400048101098","INPROCEEDINGS ",0,2016,"Mechanical Engineering"
"ISI000399056100003","ARTICLE ",3,2016,"Mechanical Engineering"
"ISI000388376104087","INPROCEEDINGS ",0,2016,"Mechanical Engineering"
"ISI000392359400031","INPROCEEDINGS ",0,2016,"Mechanical Engineering"
"ISI000392359400007","INPROCEEDINGS ",0,2016,"Mechanical Engineering"
"ISI000392359400032","INPROCEEDINGS ",0,2016,"Mechanical Engineering"
"ISI000391559500014","INPROCEEDINGS ",0,2016,"Mechanical Engineering"
"ISI000391559500020","INPROCEEDINGS ",0,2016,"Mechanical Engineering"
"ISI000391941100006","ARTICLE ",0,2016,"Mechanical Engineering"
"ISI000390562100025","INPROCEEDINGS ",0,2016,"Mechanical Engineering"
"ISI000384914500021","ARTICLE ",0,2016,"Mechanical Engineering"
"ISI000377639100078","INPROCEEDINGS ",0,2016,"Mechanical Engineering"
"ISI000375751200001","ARTICLE ",0,2016,"Mechanical Engineering"
"ISI000369191100021","ARTICLE ",2,2016,"Mechanical Engineering"
"ISI000367665300007","ARTICLE ",6,2016,"Mechanical Engineering"
"ISI000367115300027","ARTICLE ",2,2015,"Mechanical Engineering"
"ISI000365218100004","ARTICLE ",0,2015,"Mechanical Engineering"
"ISI000363457100010","ARTICLE ",5,2015,"Mechanical Engineering"
"ISI000362331900001","ARTICLE ",3,2015,"Mechanical Engineering"
"ISI000365167700011","ARTICLE ",0,2015,"Mechanical Engineering"
"ISI000364401300013","ARTICLE ",2,2015,"Mechanical Engineering"
"ISI000361583300047","ARTICLE ",0,2015,"Mechanical Engineering"
"ISI000359945900019","ARTICLE ",1,2015,"Mechanical Engineering"
"ISI000217959100007","ARTICLE ",4,2015,"Mechanical Engineering"
"ISI000218720600001","ARTICLE ",4,2015,"Mechanical Engineering"
"ISI000218720600015","ARTICLE ",1,2015,"Mechanical Engineering"
"ISI000359504500051","ARTICLE ",7,2015,"Mechanical Engineering"
"ISI000359165100012","ARTICLE ",10,2015,"Mechanical Engineering"
"ISI000357508400026","ARTICLE ",0,2015,"Mechanical Engineering"
"ISI000355413000046","ARTICLE ",41,2015,"Mechanical Engineering"
"ISI000354447300021","ARTICLE ",1,2015,"Mechanical Engineering"
"ISI000352198900008","ARTICLE ",18,2015,"Mechanical Engineering"
"ISI000351232100010","ARTICLE ",3,2015,"Mechanical Engineering"
"ISI000351450400005","ARTICLE ",2,2015,"Mechanical Engineering"
"ISI000346044300008","ARTICLE ",0,2013,"Mechanical Engineering"
"ISI000316439600006","ARTICLE ",11,2013,"Mechanical Engineering"
"ISI000315837800029","ARTICLE ",19,2013,"Mechanical Engineering"
"ISI000315837800030","ARTICLE ",19,2013,"Mechanical Engineering"
"ISI000317706800006","ARTICLE ",17,2013,"Mechanical Engineering"
"ISI000316820500005","ARTICLE ",5,2013,"Mechanical Engineering"
"ISI000316580200007","ARTICLE ",18,2013,"Mechanical Engineering"
"ISI000314655600008","ARTICLE ",18,2013,"Mechanical Engineering"
"ISI000343292200009","ARTICLE ",8,2013,"Mechanical Engineering"
"ISI000315255500016","ARTICLE ",16,2013,"Mechanical Engineering"
"ISI000336393400022","INCOLLECTION ",0,2013,"Mechanical Engineering"
"ISI000327210204118","INPROCEEDINGS ",3,2013,"Mechanical Engineering"
"ISI000324335200204","INPROCEEDINGS ",2,2013,"Mechanical Engineering"
"ISI000321908100007","ARTICLE ",0,2013,"Mechanical Engineering"
"ISI000317960200007","ARTICLE ",0,2013,"Mechanical Engineering"
"ISI000315555700036","ARTICLE ",19,2013,"Mechanical Engineering"
"ISI000314319400005","ARTICLE ",5,2013,"Mechanical Engineering"
"ISI000313995800004","ARTICLE ",10,2013,"Mechanical Engineering"
"ISI000313807700009","ARTICLE ",0,2013,"Mechanical Engineering"
"ISI000313034700026","ARTICLE ",7,2013,"Mechanical Engineering"
"ISI000311859400012","ARTICLE ",5,2013,"Mechanical Engineering"
"ISI000375255601003","INPROCEEDINGS ",0,2013,"Mechanical Engineering"
"ISI000352739000383","INPROCEEDINGS ",0,2013,"Mechanical Engineering"
"ISI000352739000442","INPROCEEDINGS ",0,2013,"Mechanical Engineering"
"ISI000310595600001","ARTICLE ",15,2013,"Mechanical Engineering"
"ISI000314034400008","ARTICLE ",8,2012,"Mechanical Engineering"
"ISI000312155500004","ARTICLE ",6,2012,"Mechanical Engineering"
"ISI000310320800010","ARTICLE ",9,2012,"Mechanical Engineering"
"ISI000310151600013","ARTICLE ",17,2012,"Mechanical Engineering"
"ISI000309132100014","ARTICLE ",16,2012,"Mechanical Engineering"
"ISI000306627800019","ARTICLE ",3,2012,"Mechanical Engineering"
"ISI000308259300086","ARTICLE ",8,2012,"Mechanical Engineering"
"ISI000304848000006","ARTICLE ",5,2012,"Mechanical Engineering"
"ISI000305719500032","ARTICLE ",7,2012,"Mechanical Engineering"
"ISI000303291000043","ARTICLE ",2,2012,"Mechanical Engineering"
"ISI000300450200001","ARTICLE ",0,2012,"Mechanical Engineering"
"ISI000306038500002","ARTICLE ",10,2012,"Mechanical Engineering"
"ISI000302667300024","ARTICLE ",11,2012,"Mechanical Engineering"
"ISI000301626200001","ARTICLE ",1,2012,"Mechanical Engineering"
"ISI000303416100024","ARTICLE ",4,2012,"Mechanical Engineering"
"ISI000301171300019","ARTICLE ",4,2012,"Mechanical Engineering"
"ISI000300291600002","ARTICLE ",9,2012,"Mechanical Engineering"
"ISI000298731600025","ARTICLE ",16,2012,"Mechanical Engineering"
"ISI000299380100006","ARTICLE ",6,2012,"Mechanical Engineering"
"ISI000300031800004","ARTICLE ",4,2012,"Mechanical Engineering"
"ISI000300031800005","ARTICLE ",5,2012,"Mechanical Engineering"
"ISI000314536100002","ARTICLE ",5,2012,"Mechanical Engineering"
"ISI000298899200030","ARTICLE ",2,2012,"Mechanical Engineering"
"ISI000391249300115","INPROCEEDINGS ",0,2012,"Mechanical Engineering"
"ISI000335720700039","INPROCEEDINGS ",0,2012,"Mechanical Engineering"
"ISI000208893900006","ARTICLE ",2,2012,"Mechanical Engineering"
"ISI000348085500035","ARTICLE ",2,2015,"Mechanical Engineering"
"ISI000349875900017","ARTICLE ",11,2015,"Mechanical Engineering"
"ISI000349106800012","ARTICLE ",8,2015,"Mechanical Engineering"
"ISI000380485500041","INPROCEEDINGS ",0,2015,"Mechanical Engineering"
"ISI000380378000005","INPROCEEDINGS ",0,2015,"Mechanical Engineering"
"ISI000378935900006","ARTICLE ",1,2015,"Mechanical Engineering"
"ISI000370934401146","INPROCEEDINGS ",0,2015,"Mechanical Engineering"
"ISI000370934402036","INPROCEEDINGS ",2,2015,"Mechanical Engineering"
"ISI000369336200001","INPROCEEDINGS ",6,2015,"Mechanical Engineering"
"ISI000369336200243","INPROCEEDINGS ",0,2015,"Mechanical Engineering"
"ISI000369566100022","INPROCEEDINGS ",0,2015,"Mechanical Engineering"
"ISI000369566100086","INPROCEEDINGS ",0,2015,"Mechanical Engineering"
"ISI000358295700008","ARTICLE ",1,2015,"Mechanical Engineering"
"ISI000355735400026","ARTICLE ",1,2015,"Mechanical Engineering"
"ISI000349599300002","ARTICLE ",2,2015,"Mechanical Engineering"
"ISI000348006700047","ARTICLE ",22,2015,"Mechanical Engineering"
"ISI000340976500002","ARTICLE ",19,2014,"Mechanical Engineering"
"ISI000343225000003","ARTICLE ",3,2014,"Mechanical Engineering"
"ISI000344264800004","ARTICLE ",0,2014,"Mechanical Engineering"
"ISI000343719000005","ARTICLE ",11,2014,"Mechanical Engineering"
"ISI000343614000010","ARTICLE ",1,2014,"Mechanical Engineering"
"ISI000340311500052","ARTICLE ",11,2014,"Mechanical Engineering"
"ISI000340311500079","ARTICLE ",4,2014,"Mechanical Engineering"
"ISI000345254900004","ARTICLE ",3,2014,"Mechanical Engineering"
"ISI000342227500011","ARTICLE ",10,2014,"Mechanical Engineering"
"ISI000340615600001","ARTICLE ",1,2014,"Mechanical Engineering"
"ISI000343529200002","ARTICLE ",5,2014,"Mechanical Engineering"
"ISI000340420000014","ARTICLE ",6,2014,"Mechanical Engineering"
"ISI000337788800002","ARTICLE ",2,2014,"Mechanical Engineering"
"ISI000336775700018","ARTICLE ",2,2014,"Mechanical Engineering"
"ISI000337650000010","ARTICLE ",23,2014,"Mechanical Engineering"
"ISI000336252100005","ARTICLE ",4,2014,"Mechanical Engineering"
"ISI000335393500029","ARTICLE ",22,2014,"Mechanical Engineering"
"ISI000335280100012","ARTICLE ",3,2014,"Mechanical Engineering"
"ISI000335280100013","ARTICLE ",2,2014,"Mechanical Engineering"
"ISI000337267600002","ARTICLE ",4,2014,"Mechanical Engineering"
"ISI000334669900009","ARTICLE ",0,2014,"Mechanical Engineering"
"ISI000331921800032","ARTICLE ",12,2014,"Mechanical Engineering"
"ISI000331417900036","ARTICLE ",15,2014,"Mechanical Engineering"
"ISI000360260300078","INPROCEEDINGS ",0,2014,"Mechanical Engineering"
"ISI000359389200168","INPROCEEDINGS ",0,2014,"Mechanical Engineering"
"ISI000353626503002","INPROCEEDINGS ",0,2014,"Mechanical Engineering"
"ISI000331975400009","ARTICLE ",4,2014,"Mechanical Engineering"
"ISI000330144000008","ARTICLE ",2,2014,"Mechanical Engineering"
"ISI000383779706052","INPROCEEDINGS ",0,2014,"Mechanical Engineering"
"ISI000325304600014","ARTICLE ",5,2013,"Mechanical Engineering"
"ISI000328517700014","ARTICLE ",22,2013,"Mechanical Engineering"
"ISI000329081000023","ARTICLE ",6,2013,"Mechanical Engineering"
"ISI000323358000004","ARTICLE ",31,2013,"Mechanical Engineering"
"ISI000322606200004","ARTICLE ",5,2013,"Mechanical Engineering"
"ISI000323821900010","ARTICLE ",3,2013,"Mechanical Engineering"
"ISI000322054400006","ARTICLE ",15,2013,"Mechanical Engineering"
"ISI000321634500023","ARTICLE ",23,2013,"Mechanical Engineering"
"ISI000320909500006","ARTICLE ",7,2013,"Mechanical Engineering"
"ISI000321567200005","ARTICLE ",0,2013,"Mechanical Engineering"
"ISI000326157000002","ARTICLE ",3,2013,"Mechanical Engineering"
"ISI000320631000006","ARTICLE ",3,2013,"Mechanical Engineering"
"ISI000320355200003","ARTICLE ",10,2013,"Mechanical Engineering"
"ISI000319091000026","ARTICLE ",21,2013,"Mechanical Engineering"
"ISI000318329900009","ARTICLE ",34,2013,"Mechanical Engineering"
"ISI000319557200046","ARTICLE ",9,2013,"Mechanical Engineering"
"ISI000318796100004","ARTICLE ",3,2013,"Mechanical Engineering"
"ISI000388048300014","ARTICLE ",0,2016,"Process Engineering & Applied Science"
"ISI000388048300021","ARTICLE ",0,2016,"Process Engineering & Applied Science"
"ISI000388048300022","ARTICLE ",0,2016,"Process Engineering & Applied Science"
"ISI000388517100002","ARTICLE ",1,2016,"Process Engineering & Applied Science"
"ISI000388517100003","ARTICLE ",3,2016,"Process Engineering & Applied Science"
"ISI000386410500014","ARTICLE ",0,2016,"Process Engineering & Applied Science"
"ISI000381542300034","ARTICLE ",1,2016,"Process Engineering & Applied Science"
"ISI000383931100019","ARTICLE ",1,2016,"Process Engineering & Applied Science"
"ISI000377304700055","ARTICLE ",2,2016,"Process Engineering & Applied Science"
"ISI000387114000012","ARTICLE ",2,2016,"Process Engineering & Applied Science"
"ISI000402779400003","ARTICLE ",1,2016,"Process Engineering & Applied Science"
"ISI000382761400031","ARTICLE ",0,2016,"Process Engineering & Applied Science"
"ISI000382825800004","ARTICLE ",5,2016,"Process Engineering & Applied Science"
"ISI000387208900027","ARTICLE ",0,2016,"Process Engineering & Applied Science"
"ISI000382114600006","ARTICLE ",2,2016,"Process Engineering & Applied Science"
"ISI000379625700006","ARTICLE ",1,2016,"Process Engineering & Applied Science"
"ISI000378363800010","ARTICLE ",6,2016,"Process Engineering & Applied Science"
"ISI000372021400003","ARTICLE ",0,2016,"Process Engineering & Applied Science"
"ISI000379634300022","ARTICLE ",0,2016,"Process Engineering & Applied Science"
"ISI000379014300013","ARTICLE ",4,2016,"Process Engineering & Applied Science"
"ISI000375506100003","ARTICLE ",5,2016,"Process Engineering & Applied Science"
"ISI000375843300018","ARTICLE ",0,2016,"Process Engineering & Applied Science"
"ISI000381687900007","ARTICLE ",0,2016,"Process Engineering & Applied Science"
"ISI000379025400027","ARTICLE ",0,2016,"Process Engineering & Applied Science"
"ISI000372833500043","ARTICLE ",1,2016,"Process Engineering & Applied Science"
"ISI000375057700039","ARTICLE ",1,2016,"Process Engineering & Applied Science"
"ISI000372677100009","ARTICLE ",4,2016,"Process Engineering & Applied Science"
"ISI000374840500015","ARTICLE ",4,2016,"Process Engineering & Applied Science"
"ISI000374405600002","ARTICLE ",0,2016,"Process Engineering & Applied Science"
"ISI000372481900032","ARTICLE ",6,2016,"Process Engineering & Applied Science"
"ISI000371388800020","ARTICLE ",1,2016,"Process Engineering & Applied Science"
"ISI000369452200009","ARTICLE ",2,2016,"Process Engineering & Applied Science"
"ISI000370535900015","ARTICLE ",6,2016,"Process Engineering & Applied Science"
"ISI000371550000010","ARTICLE ",2,2016,"Process Engineering & Applied Science"
"ISI000373538700005","ARTICLE ",0,2016,"Process Engineering & Applied Science"
"ISI000373538700010","ARTICLE ",2,2016,"Process Engineering & Applied Science"
"ISI000370735300020","ARTICLE ",1,2016,"Process Engineering & Applied Science"
"ISI000364248900029","ARTICLE ",7,2016,"Process Engineering & Applied Science"
"ISI000369308900002","ARTICLE ",5,2016,"Process Engineering & Applied Science"
"ISI000368322600022","ARTICLE ",15,2016,"Process Engineering & Applied Science"
"ISI000366076900016","ARTICLE ",3,2016,"Process Engineering & Applied Science"
"ISI000396498000008","ARTICLE ",0,2016,"Process Engineering & Applied Science"
"ISI000393852200001","ARTICLE ",1,2016,"Process Engineering & Applied Science"
"ISI000392801800003","ARTICLE ",1,2016,"Process Engineering & Applied Science"
"ISI000391438000001","ARTICLE ",1,2016,"Process Engineering & Applied Science"
"ISI000389155900006","ARTICLE ",3,2016,"Process Engineering & Applied Science"
"ISI000384770400004","ARTICLE ",1,2016,"Process Engineering & Applied Science"
"ISI000383876200124","INPROCEEDINGS ",1,2016,"Process Engineering & Applied Science"
"ISI000380135500004","ARTICLE ",1,2016,"Process Engineering & Applied Science"
"ISI000379176000005","ARTICLE ",4,2016,"Process Engineering & Applied Science"
"ISI000379044700009","ARTICLE ",1,2016,"Process Engineering & Applied Science"
"ISI000376469800002","ARTICLE ",0,2016,"Process Engineering & Applied Science"
"ISI000374590700001","ARTICLE ",0,2016,"Process Engineering & Applied Science"
"ISI000374590700004","ARTICLE ",0,2016,"Process Engineering & Applied Science"
"ISI000375634900005","ARTICLE ",5,2016,"Process Engineering & Applied Science"
"ISI000374754700007","ARTICLE ",0,2016,"Process Engineering & Applied Science"
"ISI000370955900006","ARTICLE ",7,2016,"Process Engineering & Applied Science"
"ISI000370104900005","ARTICLE ",0,2016,"Process Engineering & Applied Science"
"ISI000365634100069","ARTICLE ",8,2015,"Process Engineering & Applied Science"
"ISI000364703700005","ARTICLE ",1,2015,"Process Engineering & Applied Science"
"ISI000366005200014","ARTICLE ",2,2015,"Process Engineering & Applied Science"
"ISI000365465600027","ARTICLE ",11,2015,"Process Engineering & Applied Science"
"ISI000365465600029","ARTICLE ",11,2015,"Process Engineering & Applied Science"
"ISI000363820700017","ARTICLE ",7,2015,"Process Engineering & Applied Science"
"ISI000369267800021","ARTICLE ",0,2015,"Process Engineering & Applied Science"
"ISI000366076700007","ARTICLE ",12,2015,"Process Engineering & Applied Science"
"ISI000366076700011","ARTICLE ",5,2015,"Process Engineering & Applied Science"
"ISI000362306600013","ARTICLE ",18,2015,"Process Engineering & Applied Science"
"ISI000361868000017","ARTICLE ",2,2015,"Process Engineering & Applied Science"
"ISI000358970900053","ARTICLE ",22,2015,"Process Engineering & Applied Science"
"ISI000363345100029","ARTICLE ",9,2015,"Process Engineering & Applied Science"
"ISI000361258200045","ARTICLE ",2,2015,"Process Engineering & Applied Science"
"ISI000364911600003","ARTICLE ",2,2015,"Process Engineering & Applied Science"
"ISI000364911600023","ARTICLE ",4,2015,"Process Engineering & Applied Science"
"ISI000362133200008","ARTICLE ",4,2015,"Process Engineering & Applied Science"
"ISI000217959100007","ARTICLE ",4,2015,"Process Engineering & Applied Science"
"ISI000358664200001","ARTICLE ",9,2015,"Process Engineering & Applied Science"
"ISI000360322400033","ARTICLE ",1,2015,"Process Engineering & Applied Science"
"ISI000359873400053","ARTICLE ",8,2015,"Process Engineering & Applied Science"
"ISI000374346000006","ARTICLE ",0,2015,"Process Engineering & Applied Science"
"ISI000358278600009","ARTICLE ",6,2015,"Process Engineering & Applied Science"
"ISI000358335600034","ARTICLE ",2,2015,"Process Engineering & Applied Science"
"ISI000357448900011","ARTICLE ",28,2015,"Process Engineering & Applied Science"
"ISI000358844200010","ARTICLE ",3,2015,"Process Engineering & Applied Science"
"ISI000357425600007","ARTICLE ",6,2015,"Process Engineering & Applied Science"
"ISI000357387300003","ARTICLE ",1,2015,"Process Engineering & Applied Science"
"ISI000356123400013","ARTICLE ",1,2015,"Process Engineering & Applied Science"
"ISI000353007700004","ARTICLE ",7,2015,"Process Engineering & Applied Science"
"ISI000357062700009","ARTICLE ",7,2015,"Process Engineering & Applied Science"
"ISI000356114900016","ARTICLE ",5,2015,"Process Engineering & Applied Science"
"ISI000353912000027","ARTICLE ",7,2015,"Process Engineering & Applied Science"
"ISI000354578600026","ARTICLE ",27,2015,"Process Engineering & Applied Science"
"ISI000357438100054","ARTICLE ",10,2015,"Process Engineering & Applied Science"
"ISI000352680800034","ARTICLE ",5,2015,"Process Engineering & Applied Science"
"ISI000347755800085","ARTICLE ",20,2015,"Process Engineering & Applied Science"
"ISI000351450400005","ARTICLE ",2,2015,"Process Engineering & Applied Science"
"ISI000351587400011","ARTICLE ",3,2015,"Process Engineering & Applied Science"
"ISI000350518200009","ARTICLE ",4,2015,"Process Engineering & Applied Science"
"ISI000345992200055","ARTICLE ",3,2015,"Process Engineering & Applied Science"
"ISI000348653800002","ARTICLE ",2,2015,"Process Engineering & Applied Science"
"ISI000318640500020","ARTICLE ",15,2013,"Process Engineering & Applied Science"
"ISI000314927200100","ARTICLE ",6,2013,"Process Engineering & Applied Science"
"ISI000318459800002","ARTICLE ",4,2013,"Process Engineering & Applied Science"
"ISI000317571900003","ARTICLE ",0,2013,"Process Engineering & Applied Science"
"ISI000322682800088","ARTICLE ",17,2013,"Process Engineering & Applied Science"
"ISI000322555500088","ARTICLE ",7,2013,"Process Engineering & Applied Science"
"ISI000318686600004","ARTICLE ",8,2013,"Process Engineering & Applied Science"
"ISI000317372400002","ARTICLE ",16,2013,"Process Engineering & Applied Science"
"ISI000315246100020","ARTICLE ",4,2013,"Process Engineering & Applied Science"
"ISI000317463200021","ARTICLE ",1,2013,"Process Engineering & Applied Science"
"ISI000316565800125","ARTICLE ",11,2013,"Process Engineering & Applied Science"
"ISI000316638100008","ARTICLE ",15,2013,"Process Engineering & Applied Science"
"ISI000315776300008","ARTICLE ",5,2013,"Process Engineering & Applied Science"
"ISI000313895400011","ARTICLE ",34,2013,"Process Engineering & Applied Science"
"ISI000314097200011","ARTICLE ",0,2013,"Process Engineering & Applied Science"
"ISI000335566700006","INPROCEEDINGS ",4,2013,"Process Engineering & Applied Science"
"ISI000335566700153","INPROCEEDINGS ",0,2013,"Process Engineering & Applied Science"
"ISI000324600600039","ARTICLE ",22,2013,"Process Engineering & Applied Science"
"ISI000323819700007","ARTICLE ",1,2013,"Process Engineering & Applied Science"
"ISI000323819700008","ARTICLE ",0,2013,"Process Engineering & Applied Science"
"ISI000323819700010","ARTICLE ",6,2013,"Process Engineering & Applied Science"
"ISI000322448300028","ARTICLE ",17,2013,"Process Engineering & Applied Science"
"ISI000321767200008","ARTICLE ",24,2013,"Process Engineering & Applied Science"
"ISI000313539300034","ARTICLE ",6,2013,"Process Engineering & Applied Science"
"ISI000313581600006","ARTICLE ",11,2013,"Process Engineering & Applied Science"
"ISI000313768000004","ARTICLE ",77,2013,"Process Engineering & Applied Science"
"ISI000313305000037","ARTICLE ",19,2013,"Process Engineering & Applied Science"
"ISI000312623600119","ARTICLE ",9,2013,"Process Engineering & Applied Science"
"ISI000361480500083","INPROCEEDINGS ",5,2013,"Process Engineering & Applied Science"
"ISI000310822400003","ARTICLE ",39,2013,"Process Engineering & Applied Science"
"ISI000310592000008","ARTICLE ",2,2013,"Process Engineering & Applied Science"
"ISI000311404100004","ARTICLE ",22,2012,"Process Engineering & Applied Science"
"ISI000311396700005","ARTICLE ",12,2012,"Process Engineering & Applied Science"
"ISI000308335500020","ARTICLE ",15,2012,"Process Engineering & Applied Science"
"ISI000308235500015","ARTICLE ",11,2012,"Process Engineering & Applied Science"
"ISI000309377300012","ARTICLE ",6,2012,"Process Engineering & Applied Science"
"ISI000309223700015","ARTICLE ",0,2012,"Process Engineering & Applied Science"
"ISI000307323900001","ARTICLE ",16,2012,"Process Engineering & Applied Science"
"ISI000306255900028","ARTICLE ",1,2012,"Process Engineering & Applied Science"
"ISI000306032500004","ARTICLE ",60,2012,"Process Engineering & Applied Science"
"ISI000308589000030","ARTICLE ",3,2012,"Process Engineering & Applied Science"
"ISI000307191500011","ARTICLE ",1,2012,"Process Engineering & Applied Science"
"ISI000305855000009","ARTICLE ",34,2012,"Process Engineering & Applied Science"
"ISI000304644800007","ARTICLE ",10,2012,"Process Engineering & Applied Science"
"ISI000304837500024","ARTICLE ",18,2012,"Process Engineering & Applied Science"
"ISI000304215400003","ARTICLE ",10,2012,"Process Engineering & Applied Science"
"ISI000304090100004","ARTICLE ",6,2012,"Process Engineering & Applied Science"
"ISI000303078900004","ARTICLE ",4,2012,"Process Engineering & Applied Science"
"ISI000300739900028","ARTICLE ",17,2012,"Process Engineering & Applied Science"
"ISI000300865700018","ARTICLE ",27,2012,"Process Engineering & Applied Science"
"ISI000302546300006","ARTICLE ",4,2012,"Process Engineering & Applied Science"
"ISI000304140700002","ARTICLE ",42,2012,"Process Engineering & Applied Science"
"ISI000300747400027","ARTICLE ",11,2012,"Process Engineering & Applied Science"
"ISI000300202500027","ARTICLE ",8,2012,"Process Engineering & Applied Science"
"ISI000298169500005","ARTICLE ",0,2012,"Process Engineering & Applied Science"
"ISI000298990600003","ARTICLE ",69,2012,"Process Engineering & Applied Science"
"ISI000335090900076","INPROCEEDINGS ",1,2012,"Process Engineering & Applied Science"
"ISI000296688400032","ARTICLE ",12,2012,"Process Engineering & Applied Science"
"ISI000351458500011","ARTICLE ",11,2015,"Process Engineering & Applied Science"
"ISI000349741600006","ARTICLE ",2,2015,"Process Engineering & Applied Science"
"ISI000370211600006","ARTICLE ",0,2015,"Process Engineering & Applied Science"
"ISI000352150800010","ARTICLE ",6,2015,"Process Engineering & Applied Science"
"ISI000351684000010","ARTICLE ",13,2015,"Process Engineering & Applied Science"
"ISI000345842900025","ARTICLE ",1,2015,"Process Engineering & Applied Science"
"ISI000347720100003","ARTICLE ",13,2015,"Process Engineering & Applied Science"
"ISI000347590600003","ARTICLE ",6,2015,"Process Engineering & Applied Science"
"ISI000377914000009","ARTICLE ",1,2015,"Process Engineering & Applied Science"
"ISI000374769200003","ARTICLE ",1,2015,"Process Engineering & Applied Science"
"ISI000367153300001","ARTICLE ",2,2015,"Process Engineering & Applied Science"
"ISI000361337100005","ARTICLE ",3,2015,"Process Engineering & Applied Science"
"ISI000355643700036","ARTICLE ",37,2015,"Process Engineering & Applied Science"
"ISI000351170000006","ARTICLE ",7,2015,"Process Engineering & Applied Science"
"ISI000350276100004","ARTICLE ",1,2015,"Process Engineering & Applied Science"
"ISI000349823700004","ARTICLE ",7,2015,"Process Engineering & Applied Science"
"ISI000348977600037","ARTICLE ",13,2015,"Process Engineering & Applied Science"
"ISI000209853400006","ARTICLE ",4,2015,"Process Engineering & Applied Science"
"ISI000209853500005","ARTICLE ",3,2015,"Process Engineering & Applied Science"
"ISI000347139700019","ARTICLE ",18,2014,"Process Engineering & Applied Science"
"ISI000346382500109","ARTICLE ",5,2014,"Process Engineering & Applied Science"
"ISI000347018400097","ARTICLE ",5,2014,"Process Engineering & Applied Science"
"ISI000345361800012","ARTICLE ",0,2014,"Process Engineering & Applied Science"
"ISI000343361400046","ARTICLE ",13,2014,"Process Engineering & Applied Science"
"ISI000346541600019","ARTICLE ",6,2014,"Process Engineering & Applied Science"
"ISI000341466500009","ARTICLE ",8,2014,"Process Engineering & Applied Science"
"ISI000343640900050","ARTICLE ",8,2014,"Process Engineering & Applied Science"
"ISI000342245600046","ARTICLE ",7,2014,"Process Engineering & Applied Science"
"ISI000341464200017","ARTICLE ",12,2014,"Process Engineering & Applied Science"
"ISI000344629500001","ARTICLE ",2,2014,"Process Engineering & Applied Science"
"ISI000346125300003","ARTICLE ",1,2014,"Process Engineering & Applied Science"
"ISI000343157200022","ARTICLE ",0,2014,"Process Engineering & Applied Science"
"ISI000340311500052","ARTICLE ",11,2014,"Process Engineering & Applied Science"
"ISI000342225700023","ARTICLE ",3,2014,"Process Engineering & Applied Science"
"ISI000339888100020","ARTICLE ",0,2014,"Process Engineering & Applied Science"
"ISI000337861600026","ARTICLE ",4,2014,"Process Engineering & Applied Science"
"ISI000339617900004","ARTICLE ",15,2014,"Process Engineering & Applied Science"
"ISI000337877700004","ARTICLE ",6,2014,"Process Engineering & Applied Science"
"ISI000340700800003","ARTICLE ",8,2014,"Process Engineering & Applied Science"
"ISI000338404800035","ARTICLE ",18,2014,"Process Engineering & Applied Science"
"ISI000338007900012","ARTICLE ",13,2014,"Process Engineering & Applied Science"
"ISI000335149000001","ARTICLE ",16,2014,"Process Engineering & Applied Science"
"ISI000334084500017","ARTICLE ",14,2014,"Process Engineering & Applied Science"
"ISI000334482500020","ARTICLE ",4,2014,"Process Engineering & Applied Science"
"ISI000334172600010","ARTICLE ",11,2014,"Process Engineering & Applied Science"
"ISI000332973300002","ARTICLE ",1,2014,"Process Engineering & Applied Science"
"ISI000333508500018","ARTICLE ",6,2014,"Process Engineering & Applied Science"
"ISI000333506300020","ARTICLE ",22,2014,"Process Engineering & Applied Science"
"ISI000336273200003","ARTICLE ",2,2014,"Process Engineering & Applied Science"
"ISI000334482900002","ARTICLE ",14,2014,"Process Engineering & Applied Science"
"ISI000331088800005","ARTICLE ",2,2014,"Process Engineering & Applied Science"
"ISI000332002300009","ARTICLE ",19,2014,"Process Engineering & Applied Science"
"ISI000332446700009","ARTICLE ",4,2014,"Process Engineering & Applied Science"
"ISI000331861800075","ARTICLE ",11,2014,"Process Engineering & Applied Science"
"ISI000341991600014","ARTICLE ",8,2014,"Process Engineering & Applied Science"
"ISI000341217500079","ARTICLE ",1,2014,"Process Engineering & Applied Science"
"ISI000334358900001","ARTICLE ",6,2014,"Process Engineering & Applied Science"
"ISI000333549500022","ARTICLE ",20,2014,"Process Engineering & Applied Science"
"ISI000328229200022","ARTICLE ",5,2014,"Process Engineering & Applied Science"
"ISI000329056800062","ARTICLE ",19,2013,"Process Engineering & Applied Science"
"ISI000328865300040","ARTICLE ",10,2013,"Process Engineering & Applied Science"
"ISI000328237200005","ARTICLE ",12,2013,"Process Engineering & Applied Science"
"ISI000346044100007","ARTICLE ",3,2013,"Process Engineering & Applied Science"
"ISI000332037000010","ARTICLE ",7,2013,"Process Engineering & Applied Science"
"ISI000330090700063","ARTICLE ",6,2013,"Process Engineering & Applied Science"
"ISI000327911700028","ARTICLE ",3,2013,"Process Engineering & Applied Science"
"ISI000326997300011","ARTICLE ",32,2013,"Process Engineering & Applied Science"
"ISI000326245300011","ARTICLE ",10,2013,"Process Engineering & Applied Science"
"ISI000328259600007","ARTICLE ",1,2013,"Process Engineering & Applied Science"
"ISI000328259600014","ARTICLE ",1,2013,"Process Engineering & Applied Science"
"ISI000327363200006","ARTICLE ",5,2013,"Process Engineering & Applied Science"
"ISI000320976000007","ARTICLE ",19,2013,"Process Engineering & Applied Science"
"ISI000324043000064","ARTICLE ",42,2013,"Process Engineering & Applied Science"
"ISI000321965700048","ARTICLE ",5,2013,"Process Engineering & Applied Science"
"ISI000319237400013","ARTICLE ",58,2013,"Process Engineering & Applied Science"
"ISI000322422500037","ARTICLE ",15,2013,"Process Engineering & Applied Science"
"ISI000319481400035","ARTICLE ",36,2013,"Process Engineering & Applied Science"
"ISI000319283300010","ARTICLE ",1,2013,"Process Engineering & Applied Science"
"ISI000318503100056","ARTICLE ",12,2013,"Process Engineering & Applied Science"
